{"dataset": ["obj11__270", "obj11__275", "obj11__280", "obj11__285", "obj11__290", "obj11__295", "obj11__300", "obj11__305", "obj11__310", "obj11__315", "obj11__320"], "result0": ["obj11__270", "obj11__275", "obj11__280", "obj11__285", "obj11__290", "obj11__295", "obj11__300", "obj11__305", "obj11__310", "obj11__315", "obj11__320"], "result1": [], "result2": [0.0, 3972.069447549562, 5915.00706266064, 5532.1385804731335, 6023.00507594555, 5750.355337419902, 6357.431792669609, 6735.203986985929, 7475.077372670808, 7470.8906965810575, 9454.887372722353], "result3": [0.0, 17767.28390141949, 19394.094019686803, 20581.46268092841, 22363.408070396632, 23608.721641052514, 25266.56516270712, 27726.036109352484, 26129.53244844824, 28354.898716518655, 29271.87015607953]}