{"dataset": ["obj100__165", "obj100__170", "obj100__175", "obj100__180", "obj100__185", "obj100__190", "obj100__195", "obj100__200", "obj100__205", "obj100__210", "obj100__215"], "result0": ["obj100__165", "obj100__170", "obj100__175", "obj100__180", "obj100__185", "obj100__190", "obj100__195", "obj100__200", "obj100__205", "obj100__210", "obj100__215"], "result1": [], "result2": [0.0, 3669.740244362018, 4314.6596971029785, 5031.452612218573, 5508.58179574115, 5144.642568530315, 5405.180957837174, 5705.249453357373, 5945.636586998287, 8141.583237001887, 8221.205493497344], "result3": [0.0, 20964.682334361598, 29950.79531388916, 34923.44682579301, 37029.010516975075, 37946.78121776134, 38779.26322847232, 38936.79345262237, 39957.14436445199, 40580.786166686565, 40649.269090143964]}