{"dataset": ["obj13__45", "obj13__50", "obj13__55", "obj13__60", "obj13__65", "obj13__70", "obj13__75", "obj13__80", "obj13__85", "obj13__90", "obj13__95"], "result0": ["obj13__45", "obj13__50", "obj13__55", "obj13__60", "obj13__65", "obj13__70", "obj13__75", "obj13__80", "obj13__85", "obj13__90", "obj13__95"], "result1": [], "result2": [0.0, 3217.8336644761143, 5579.457823632915, 6979.638382456915, 8663.592354433455, 9519.637000719287, 11268.943674467006, 11674.1824230338, 11996.985967750677, 12729.779486953239, 11861.875205944978], "result3": [0.0, 18854.952105864882, 36087.69162769802, 42112.51491429657, 44634.49298911542, 46670.16585559398, 48948.51865503006, 49112.67010198347, 49398.0774586387, 50173.657185534015, 48223.97563829459]}