{"dataset": ["obj18__115", "obj18__120", "obj18__125", "obj18__130", "obj18__135", "obj18__140", "obj18__145", "obj18__150", "obj18__155", "obj18__160", "obj18__165"], "result0": ["obj18__115", "obj18__120", "obj18__125", "obj18__130", "obj18__135", "obj18__140", "obj18__145", "obj18__150", "obj18__155", "obj18__160", "obj18__165"], "result1": [], "result2": [0.0, 3531.1276671183373, 3294.7232470227004, 4821.131198138659, 4630.919609349659, 5274.6661373788065, 4059.8654317944147, 4289.752492125768, 4375.070741818654, 5772.360280196302, 4337.359471927179], "result3": [0.0, 12879.094786372036, 12599.492552343756, 19321.60008198954, 19423.685467567295, 19239.579027896747, 16404.061954021454, 18470.300065416843, 17661.414716618136, 20652.758535949513, 17836.338425463066]}