{"dataset": ["obj12__185", "obj12__190", "obj12__195", "obj12__200", "obj12__205", "obj12__210", "obj12__215", "obj12__220", "obj12__225", "obj12__230", "obj12__235"], "result0": ["obj12__185", "obj12__190", "obj12__195", "obj12__200", "obj12__205", "obj12__210", "obj12__215", "obj12__220", "obj12__225", "obj12__230", "obj12__235"], "result1": [], "result2": [0.0, 3525.1337916581438, 5849.525957792375, 6440.920260537414, 7003.20675531967, 7242.407367086688, 7246.541640678625, 6404.318286140988, 7244.047920179004, 7897.966891274291, 8786.5108292141], "result3": [0.0, 15346.715134907514, 22704.667537586764, 24778.80544071272, 26546.274461384863, 26551.310269920155, 28236.511250505224, 29649.356077045202, 30514.667288416997, 32804.01253691316, 34755.03483039141]}