{"dataset": ["obj100__0", "obj100__5", "obj100__10", "obj100__15", "obj100__20", "obj100__25", "obj100__30", "obj100__35", "obj100__40", "obj100__45", "obj100__50"], "result0": ["obj100__0", "obj100__5", "obj100__10", "obj100__15", "obj100__20", "obj100__25", "obj100__30", "obj100__35", "obj100__40", "obj100__45", "obj100__50"], "result1": [], "result2": [0.0, 4913.887072240152, 5568.210452733936, 6009.426199359516, 6118.9807750824175, 6036.8388519904365, 6333.739194227307, 6152.899823623349, 6223.882113393598, 5749.565612185247, 5096.347549937247], "result3": [0.0, 18301.92451382801, 27007.74772179313, 29462.098687395453, 31702.947777934372, 33365.48432994075, 33524.186727644876, 34395.28627773002, 34755.828045748174, 34535.638370752335, 34923.13611401059]}