{"dataset": ["obj18__170", "obj18__175", "obj18__180", "obj18__185", "obj18__190", "obj18__195", "obj18__200", "obj18__205", "obj18__210", "obj18__215", "obj18__220"], "result0": ["obj18__170", "obj18__175", "obj18__180", "obj18__185", "obj18__190", "obj18__195", "obj18__200", "obj18__205", "obj18__210", "obj18__215", "obj18__220"], "result1": [], "result2": [0.0, 2180.418285852506, 4262.641594125922, 3725.345113937343, 3851.8426057735473, 2801.323110235791, 4221.689378481903, 3971.747454444115, 4214.965497434251, 5591.744915283914, 5424.385803147089], "result3": [0.0, 8308.970342431217, 16971.168788066134, 14074.15286407806, 13963.089376745746, 10788.390872420743, 16304.891335265711, 14939.109588144347, 15382.283292701468, 15841.959324590862, 16315.055613113567]}