{"dataset": ["obj16__285", "obj16__290", "obj16__295", "obj16__300", "obj16__305", "obj16__310", "obj16__315", "obj16__320", "obj16__325", "obj16__330", "obj16__335"], "result0": ["obj16__285", "obj16__290", "obj16__295", "obj16__300", "obj16__305", "obj16__310", "obj16__315", "obj16__320", "obj16__325", "obj16__330", "obj16__335"], "result1": [], "result2": [0.0, 5285.463144357886, 5270.574633397739, 6061.983562028034, 8012.13456009851, 9209.46527315661, 11872.7172907809, 12912.228671553528, 14333.493849327382, 15245.593428225207, 16581.197270363675], "result3": [0.0, 42518.54076286778, 55226.31906677969, 57509.7446158696, 62513.3077370394, 72061.95637224801, 81358.71969975717, 85123.56623973884, 87454.36316214688, 93172.64181492664, 97951.44275472872]}