{"dataset": ["obj19__0", "obj19__5", "obj19__10", "obj19__15", "obj19__20", "obj19__25"], "result0": ["obj19__0", "obj19__5", "obj19__10", "obj19__15", "obj19__20", "obj19__25"], "result1": [], "result2": [0.0, 2145.3669453288967, 3178.196818743619, 3300.741919943217, 3514.657804888569, 3735.625545546865], "result3": [0.0, 17986.3665920794, 29906.720478624105, 33484.575369415805, 34408.3301556129, 35776.37569941208]}