{"dataset": ["obj10__245", "obj10__250", "obj10__255", "obj10__260", "obj10__265", "obj10__270", "obj10__275", "obj10__280", "obj10__285", "obj10__290", "obj10__295"], "result0": ["obj10__245", "obj10__250", "obj10__255", "obj10__260", "obj10__265", "obj10__270", "obj10__275", "obj10__280", "obj10__285", "obj10__290", "obj10__295"], "result1": [], "result2": [0.0, 3675.966835469595, 4211.287486262863, 4389.192149001642, 4910.038713469205, 5341.260509710199, 4842.6876086887005, 4737.275336063902, 5363.320921399249, 5172.836850452127, 6248.723866671784], "result3": [0.0, 14000.720996523276, 18369.345810586587, 19483.906777551398, 20334.38469988294, 23376.303185414523, 20190.86949707754, 21663.22260887362, 23224.790571864694, 23452.935719760135, 26411.905037909746]}