{"dataset": ["obj11__215", "obj11__220", "obj11__225", "obj11__230", "obj11__235", "obj11__240", "obj11__245", "obj11__250", "obj11__255", "obj11__260", "obj11__265"], "result0": ["obj11__215", "obj11__220", "obj11__225", "obj11__230", "obj11__235", "obj11__240", "obj11__245", "obj11__250", "obj11__255", "obj11__260", "obj11__265"], "result1": [], "result2": [0.0, 2804.488192262474, 4747.032423620308, 5362.094989460399, 6461.840702908646, 6517.97663270377, 6467.95769443659, 8880.454479702732, 7700.86576000356, 8395.230064185653, 8418.425349489355], "result3": [0.0, 12967.09572414495, 17996.09927654639, 18537.3013142813, 25086.41171758622, 23871.346358116716, 19353.67461555265, 25288.62620724924, 19324.49571764469, 19469.05732980743, 19983.243442341685]}