{"dataset": ["obj16__65", "obj16__70", "obj16__75", "obj16__80", "obj16__85", "obj16__90", "obj16__95", "obj16__100", "obj16__105", "obj16__110", "obj16__115"], "result0": ["obj16__65", "obj16__70", "obj16__75", "obj16__80", "obj16__85", "obj16__90", "obj16__95", "obj16__100", "obj16__105", "obj16__110", "obj16__115"], "result1": [], "result2": [0.0, 5635.129720903718, 5984.716281163228, 6658.624384465194, 6548.156783506275, 6321.578691544193, 6894.286152000121, 6970.55728501464, 6650.658644360973, 7401.733439939439, 7569.856936642589], "result3": [0.0, 34941.82272437401, 42538.10864193365, 46354.07769452594, 46904.94451185316, 48478.95486505143, 50112.26998363435, 52229.50715906173, 52377.634726349264, 53304.617202565074, 55025.55137286708]}