{"dataset": ["obj14__235", "obj14__240", "obj14__245", "obj14__250", "obj14__255", "obj14__260", "obj14__265", "obj14__270", "obj14__275", "obj14__280", "obj14__285"], "result0": ["obj14__235", "obj14__240", "obj14__245", "obj14__250", "obj14__255", "obj14__260", "obj14__265", "obj14__270", "obj14__275", "obj14__280", "obj14__285"], "result1": [], "result2": [0.0, 4193.793659298755, 5693.197672592953, 6121.825093383106, 6514.641196738338, 6960.951432912505, 7141.647155690006, 7599.780956647026, 7638.875258969621, 7413.669750074705, 7682.767042224633], "result3": [0.0, 16528.465900579467, 25721.821730857715, 34782.570170810446, 40222.85268855281, 43305.789919413626, 46618.863665880635, 49039.26340405643, 51391.77076233365, 52824.08409916237, 54212.71616700664]}