{"dataset": ["obj13__265", "obj13__270", "obj13__275", "obj13__280", "obj13__285", "obj13__290", "obj13__295", "obj13__300", "obj13__305", "obj13__310", "obj13__315"], "result0": ["obj13__265", "obj13__270", "obj13__275", "obj13__280", "obj13__285", "obj13__290", "obj13__295", "obj13__300", "obj13__305", "obj13__310", "obj13__315"], "result1": [], "result2": [0.0, 1981.0376711268286, 2430.2137673583643, 3247.8814368410626, 4662.8303468295235, 6308.965381516158, 7961.89279271345, 8761.87966473487, 9587.528724708303, 10643.708423175633, 10702.59401452518], "result3": [0.0, 9751.214506439865, 18374.96446681395, 26037.31293579936, 31961.018888436258, 37154.75917737, 42664.30056713894, 46688.73230652511, 50529.578137848526, 52826.41223718785, 53934.39427633025]}