{"dataset": ["obj10__300", "obj10__305", "obj10__310", "obj10__315", "obj10__320", "obj10__325", "obj10__330", "obj10__335", "obj10__340", "obj10__345", "obj10__350"], "result0": ["obj10__300", "obj10__305", "obj10__310", "obj10__315", "obj10__320", "obj10__325", "obj10__330", "obj10__335", "obj10__340", "obj10__345", "obj10__350"], "result1": [], "result2": [0.0, 4639.295122391051, 6917.774873033379, 9346.562430436865, 10911.409337977284, 13032.923812113311, 13236.55602786181, 13781.247002716527, 14757.834467046898, 15099.417673866365, 15761.525136053026], "result3": [0.0, 18821.765847938135, 31361.291421379894, 49340.42891369201, 57904.149572717026, 61492.11334412545, 64660.107544284314, 66301.00584838726, 67463.77869344875, 67327.97031196766, 66911.93907107599]}