{"dataset": ["obj14__15", "obj14__20", "obj14__25", "obj14__30", "obj14__35", "obj14__40", "obj14__45", "obj14__50", "obj14__55", "obj14__60", "obj14__65"], "result0": ["obj14__15", "obj14__20", "obj14__25", "obj14__30", "obj14__35", "obj14__40", "obj14__45", "obj14__50", "obj14__55", "obj14__60", "obj14__65"], "result1": [], "result2": [0.0, 4759.6731609244, 5903.9149006949165, 6869.39152568788, 7084.943307771322, 7375.17746007191, 7350.863657419455, 7384.174973950757, 7174.484533208958, 6741.158912217326, 6900.814233538326], "result3": [0.0, 39081.43014349975, 56409.410440091044, 64210.796424586326, 67634.95525395684, 68761.34216711484, 70120.55119331926, 70101.60098083876, 70068.44786697067, 69125.71133201942, 68408.62305667438]}