{"dataset": ["obj15__95", "obj15__100", "obj15__105", "obj15__110", "obj15__115", "obj15__120", "obj15__125", "obj15__130", "obj15__135", "obj15__140", "obj15__145"], "result0": ["obj15__95", "obj15__100", "obj15__105", "obj15__110", "obj15__115", "obj15__120", "obj15__125", "obj15__130", "obj15__135", "obj15__140", "obj15__145"], "result1": [], "result2": [0.0, 8381.565797986534, 10811.426308301048, 11513.59882234119, 13586.017409869648, 14312.016695149687, 15394.876648893878, 16004.756868298518, 17114.759740974245, 17207.218807889083, 17624.068599878086], "result3": [0.0, 44810.945334205404, 54576.31619808078, 56603.8294684384, 58864.34915155731, 60299.00089694932, 62215.624012252316, 63432.503404606134, 64426.29962841235, 65689.04298256151, 66863.64899269305]}