{"dataset": ["obj14__0", "obj14__5", "obj14__10"], "result0": ["obj14__0", "obj14__5", "obj14__10"], "result1": [], "result2": [0.0, 4087.932248864656, 6147.656123613356], "result3": [0.0, 30367.194946197793, 54197.1576764863]}