{"dataset": ["obj1__220", "obj1__225", "obj1__230", "obj1__235", "obj1__240", "obj1__245", "obj1__250", "obj1__255", "obj1__260", "obj1__265", "obj1__270"], "result0": ["obj1__220", "obj1__225", "obj1__230", "obj1__235", "obj1__240", "obj1__245", "obj1__250", "obj1__255", "obj1__260", "obj1__265", "obj1__270"], "result1": [], "result2": [0.0, 3018.28569730941, 5233.436402181713, 6680.631252703525, 7089.497428995539, 9022.20125709916, 9944.049684114521, 11160.756576270269, 12437.608467266735, 14573.949396079675, 16546.578755722243], "result3": [0.0, 27335.3157498464, 40717.13995318487, 51242.18334222771, 60088.689284324646, 66061.12305958569, 73143.79905595817, 78994.03458486311, 85411.06053660251, 94914.0043407064, 102606.90833207779]}