{"dataset": ["obj100__110", "obj100__115", "obj100__120", "obj100__125", "obj100__130", "obj100__135", "obj100__140", "obj100__145", "obj100__150", "obj100__155", "obj100__160"], "result0": ["obj100__110", "obj100__115", "obj100__120", "obj100__125", "obj100__130", "obj100__135", "obj100__140", "obj100__145", "obj100__150", "obj100__155", "obj100__160"], "result1": [], "result2": [0.0, 9719.79868785408, 9401.245835877657, 12664.324963666833, 13803.508935592166, 14410.485087335222, 14160.895553276603, 14373.82567117999, 14853.29221090752, 15004.167803093256, 15398.58549691295], "result3": [0.0, 34507.33998844214, 35475.538115713745, 39637.459638928995, 40767.19706474431, 42029.79096084274, 43392.97935927659, 44421.78567477502, 45564.99591852352, 46814.075096337125, 47714.251159003004]}