{"dataset": ["obj1__110", "obj1__115", "obj1__120", "obj1__125", "obj1__130", "obj1__135", "obj1__140", "obj1__145", "obj1__150", "obj1__155", "obj1__160"], "result0": ["obj1__110", "obj1__115", "obj1__120", "obj1__125", "obj1__130", "obj1__135", "obj1__140", "obj1__145", "obj1__150", "obj1__155", "obj1__160"], "result1": [], "result2": [0.0, 6563.412983909955, 8258.001727229097, 9249.147540484839, 9986.963707380733, 10394.203415601984, 10672.751440067845, 11145.700803813408, 11506.123325903756, 12351.741448476267, 12321.72607227946], "result3": [0.0, 46963.10073426366, 60389.710220035166, 65219.15837763995, 66860.15598194674, 70381.20732755587, 72357.37212352268, 74011.22399781272, 76282.1571270749, 78384.88305061497, 78403.50543546118]}