{"dataset": ["obj11__105", "obj11__110", "obj11__115", "obj11__120", "obj11__125", "obj11__130", "obj11__135", "obj11__140", "obj11__145", "obj11__150", "obj11__155"], "result0": ["obj11__105", "obj11__110", "obj11__115", "obj11__120", "obj11__125", "obj11__130", "obj11__135", "obj11__140", "obj11__145", "obj11__150", "obj11__155"], "result1": [], "result2": [0.0, 4545.254539591517, 2594.6238028316275, 3067.1492389354735, 3911.2745219749722, 6153.536650090457, 6948.409512904573, 7774.596798690246, 8936.489020670939, 9814.89403023345, 9608.036407094301], "result3": [0.0, 16964.929359747097, 12742.405777797103, 13386.74151821807, 15538.892918443307, 21320.7964446228, 25285.007452988997, 27048.349588148296, 27998.456387717277, 28908.800547318533, 26860.679729344323]}