{"dataset": ["obj16__175", "obj16__180", "obj16__185", "obj16__190", "obj16__195", "obj16__200", "obj16__205", "obj16__210", "obj16__215", "obj16__220", "obj16__225"], "result0": ["obj16__175", "obj16__180", "obj16__185", "obj16__190", "obj16__195", "obj16__200", "obj16__205", "obj16__210", "obj16__215", "obj16__220", "obj16__225"], "result1": [], "result2": [0.0, 5809.913218991005, 8275.01293958844, 9452.402292583523, 10369.77191193971, 11552.314471832542, 11682.24946050314, 12438.3941939353, 12606.205188627648, 13459.463950889993, 14500.185899419987], "result3": [0.0, 45090.77718455903, 66523.43909789436, 73984.88446797617, 82319.30082873069, 93072.3679732196, 94639.32300081104, 99637.20594435558, 102837.95391779765, 105769.41506306827, 101611.58362572081]}