{"dataset": ["obj11__160", "obj11__165", "obj11__170", "obj11__175", "obj11__180", "obj11__185", "obj11__190", "obj11__195", "obj11__200", "obj11__205", "obj11__210"], "result0": ["obj11__160", "obj11__165", "obj11__170", "obj11__175", "obj11__180", "obj11__185", "obj11__190", "obj11__195", "obj11__200", "obj11__205", "obj11__210"], "result1": [], "result2": [0.0, 3219.9149863009516, 2602.321182841802, 2758.222218512941, 3107.071560896013, 3144.052014173296, 2784.0886917372313, 3743.2085401151635, 3423.4666749101934, 3599.542256024574, 5135.209353702348], "result3": [0.0, 10160.289863444865, 10988.740115527064, 12349.836417220533, 13790.721378317103, 14048.799232147634, 13590.05695993267, 17368.40793017298, 16821.37385176681, 17496.060486733913, 22592.182672426105]}