{"dataset": ["obj1__55", "obj1__60", "obj1__65", "obj1__70", "obj1__75", "obj1__80", "obj1__85", "obj1__90", "obj1__95", "obj1__100", "obj1__105"], "result0": ["obj1__55", "obj1__60", "obj1__65", "obj1__70", "obj1__75", "obj1__80", "obj1__85", "obj1__90", "obj1__95", "obj1__100", "obj1__105"], "result1": [], "result2": [0.0, 3264.8276504831592, 5653.001661736982, 6407.163617109882, 8504.38784100776, 9473.432950233333, 11496.176905022818, 13669.937665910804, 14049.870878756617, 12096.24577674725, 10229.062659804633], "result3": [0.0, 29940.160132739693, 47808.011546865106, 60166.169519076124, 66768.51525039971, 75734.29579226486, 84883.64984293468, 94911.46994579025, 96652.54933061078, 90611.00533201359, 84808.67799364962]}