{"dataset": ["obj19__85", "obj19__90", "obj19__95", "obj19__100", "obj19__105", "obj19__110", "obj19__115", "obj19__120", "obj19__125", "obj19__130", "obj19__135"], "result0": ["obj19__85", "obj19__90", "obj19__95", "obj19__100", "obj19__105", "obj19__110", "obj19__115", "obj19__120", "obj19__125", "obj19__130", "obj19__135"], "result1": [], "result2": [0.0, 6753.56427497185, 7966.202627040754, 11741.675101652034, 14279.402834698332, 17013.0078064603, 18302.26820458794, 19701.233532773447, 21502.77709213134, 22137.730892248866, 22960.926275340196], "result3": [0.0, 34605.78083135001, 44657.66608356871, 50802.462966460735, 53801.18112824671, 55904.03030097671, 58942.175089107826, 60061.60503538512, 60864.446135196835, 61385.33669608086, 61482.03698765673]}