{"dataset": ["obj19__30", "obj19__35", "obj19__40", "obj19__45", "obj19__50", "obj19__55", "obj19__60", "obj19__65", "obj19__70", "obj19__75", "obj19__80"], "result0": ["obj19__30", "obj19__35", "obj19__40", "obj19__45", "obj19__50", "obj19__55", "obj19__60", "obj19__65", "obj19__70", "obj19__75", "obj19__80"], "result1": [], "result2": [0.0, 2825.6673295103797, 4438.998045430133, 6338.85769055859, 8778.90432734775, 10277.289508825312, 12600.878920712856, 14733.510174381598, 17777.763396043327, 22891.972415988323, 25012.14631296576], "result3": [0.0, 15720.171288914979, 24938.803867677227, 29618.33471549861, 34321.153297247365, 38240.80478370376, 40975.8874202501, 44945.113196864724, 49088.941374579445, 54132.42744331248, 56609.23903878778]}