{"dataset": ["obj13__100", "obj13__105", "obj13__110", "obj13__115", "obj13__120", "obj13__125", "obj13__130", "obj13__135", "obj13__140", "obj13__145", "obj13__150"], "result0": ["obj13__100", "obj13__105", "obj13__110", "obj13__115", "obj13__120", "obj13__125", "obj13__130", "obj13__135", "obj13__140", "obj13__145", "obj13__150"], "result1": [], "result2": [0.0, 2347.7270315762976, 4264.342666141779, 6008.387162703763, 7155.823259467577, 8228.687227414652, 9521.803291818569, 9749.808071130084, 11145.137555610023, 11377.57495092963, 11590.90564604047], "result3": [0.0, 15935.537326676771, 27824.28813721612, 33657.456592096016, 37204.742372855544, 40314.23968053423, 43227.66564945504, 45888.91660685651, 49120.624214412645, 50296.32905980572, 51874.99271823652]}