{"dataset": ["obj16__120", "obj16__125", "obj16__130", "obj16__135", "obj16__140", "obj16__145", "obj16__150", "obj16__155", "obj16__160", "obj16__165", "obj16__170"], "result0": ["obj16__120", "obj16__125", "obj16__130", "obj16__135", "obj16__140", "obj16__145", "obj16__150", "obj16__155", "obj16__160", "obj16__165", "obj16__170"], "result1": [], "result2": [0.0, 7738.916555660667, 11269.363517190628, 13264.422371631472, 13740.946312839256, 15226.030036410075, 15309.104952351108, 15103.073582532728, 15650.139768032266, 15638.124620068607, 16013.548278722214], "result3": [0.0, 34456.45090198517, 58535.60385908, 71104.80377946422, 81191.19085914828, 88834.7142107021, 92569.99553384818, 95469.93732341193, 98233.91380245797, 101108.64894997142, 101192.55964047089]}