{"dataset": ["obj100__55", "obj100__60", "obj100__65", "obj100__70", "obj100__75", "obj100__80", "obj100__85", "obj100__90", "obj100__95", "obj100__100", "obj100__105"], "result0": ["obj100__55", "obj100__60", "obj100__65", "obj100__70", "obj100__75", "obj100__80", "obj100__85", "obj100__90", "obj100__95", "obj100__100", "obj100__105"], "result1": [], "result2": [0.0, 3968.1014038272415, 5696.374325765307, 8345.930810210008, 11154.400391546189, 14227.020559229337, 19977.14017567026, 21830.641684105994, 21463.453703550455, 19705.31252370472, 14540.165263631112], "result3": [0.0, 16261.15722119622, 23599.897247007117, 29443.585287742317, 34527.22309511155, 37349.85339693539, 45731.59198448062, 47810.383881473914, 47255.114865081385, 44041.763152493164, 40942.57617355697]}