{"dataset": ["obj11__0", "obj11__5", "obj11__10", "obj11__15", "obj11__20", "obj11__25", "obj11__30", "obj11__35", "obj11__40", "obj11__45"], "result0": ["obj11__0", "obj11__5", "obj11__10", "obj11__15", "obj11__20", "obj11__25", "obj11__30", "obj11__35", "obj11__40", "obj11__45"], "result1": [], "result2": [0.0, 3210.5236928924082, 4026.199291741971, 4082.6183187592587, 4166.795966026131, 3485.773358023724, 3710.5693100788153, 4024.398180458329, 5145.978735283645, 6728.3927701661105], "result3": [0.0, 10799.10533242859, 13749.124380560592, 15525.995919568464, 16412.784951662645, 16915.930796548724, 18133.41195011884, 20549.635703666136, 22556.70285749808, 25576.84088692628]}