{"dataset": ["obj13__0", "obj13__5", "obj13__10", "obj13__15", "obj13__20", "obj13__25", "obj13__30", "obj13__35", "obj13__40"], "result0": ["obj13__0", "obj13__5", "obj13__10", "obj13__15", "obj13__20", "obj13__25", "obj13__30", "obj13__35", "obj13__40"], "result1": [], "result2": [0.0, 2631.2808300523716, 4393.308708032832, 6123.742623641786, 6377.510669359979, 6819.332170101404, 6122.522119168139, 6579.414515005615, 6759.144459418626], "result3": [0.0, 22815.949224215, 35446.44014058635, 44593.26496457867, 48156.34307696484, 49182.62695453875, 50809.7244473435, 51866.393586913124, 61104.20275146142]}