{"dataset": ["obj10__25", "obj10__30", "obj10__35", "obj10__40", "obj10__45", "obj10__50", "obj10__55", "obj10__60", "obj10__65", "obj10__70", "obj10__75"], "result0": ["obj10__25", "obj10__30", "obj10__35", "obj10__40", "obj10__45", "obj10__50", "obj10__55", "obj10__60", "obj10__65", "obj10__70", "obj10__75"], "result1": [], "result2": [0.0, 4934.4397923800825, 6274.469634425019, 8441.768290559168, 10440.11157277025, 11109.866116951505, 13381.107061695253, 14581.972460804325, 13784.806980675303, 14011.509605099127, 13936.440082494379], "result3": [0.0, 20583.97963217832, 32577.63220143877, 44134.68882611953, 49719.54742922261, 56928.678571613505, 61917.92486744188, 64903.92257936858, 65375.793797636405, 64508.07630952634, 65527.241785405204]}