{"dataset": ["obj10__190", "obj10__195", "obj10__200", "obj10__205", "obj10__210", "obj10__215", "obj10__220", "obj10__225", "obj10__230", "obj10__235", "obj10__240"], "result0": ["obj10__190", "obj10__195", "obj10__200", "obj10__205", "obj10__210", "obj10__215", "obj10__220", "obj10__225", "obj10__230", "obj10__235", "obj10__240"], "result1": [], "result2": [0.0, 3709.3254361482636, 5100.075397437663, 6704.4831557104135, 7482.625562714552, 9537.084475007272, 10589.873710060314, 11891.280278699305, 14307.194145000063, 15899.943371367948, 15870.110383654199], "result3": [0.0, 12958.19887604937, 22228.60286168009, 31802.135614072904, 38337.469837002456, 43354.72575475462, 48893.91915098205, 52021.71989973262, 57727.41539036855, 60256.98852489516, 60034.23649169132]}