{"dataset": ["obj17__0", "obj17__5", "obj17__10", "obj17__15", "obj17__20", "obj17__25", "obj17__30"], "result0": ["obj17__0", "obj17__5", "obj17__10", "obj17__15", "obj17__20", "obj17__25", "obj17__30"], "result1": [], "result2": [0.0, 2670.1289698500304, 3525.971761588684, 3896.995903376135, 4532.320675613837, 4962.5216719079135, 5715.346934718635], "result3": [0.0, 14978.704412158579, 23110.808092972264, 28585.29715550877, 33813.03400599584, 35303.04353065975, 38306.49411842041]}