{"dataset": ["obj12__130", "obj12__135", "obj12__140", "obj12__145", "obj12__150", "obj12__155", "obj12__160", "obj12__165", "obj12__170", "obj12__175", "obj12__180"], "result0": ["obj12__130", "obj12__135", "obj12__140", "obj12__145", "obj12__150", "obj12__155", "obj12__160", "obj12__165", "obj12__170", "obj12__175", "obj12__180"], "result1": [], "result2": [0.0, 6583.179424982024, 8578.472889623725, 9425.814444332493, 10613.170361373363, 10883.776580196842, 11704.544464533648, 11004.150911203236, 10827.057616517355, 10333.806404652216, 9822.660556233404], "result3": [0.0, 17199.295227758586, 24319.45157878846, 28388.479186890647, 31178.230497455224, 32582.18890355155, 34259.56256810762, 34044.30488076061, 34200.12737933546, 33667.38186994009, 32638.12500849925]}