{"dataset": ["obj17__200", "obj17__205", "obj17__210", "obj17__215", "obj17__220", "obj17__225", "obj17__230", "obj17__235", "obj17__240", "obj17__245", "obj17__250"], "result0": ["obj17__200", "obj17__205", "obj17__210", "obj17__215", "obj17__220", "obj17__225", "obj17__230", "obj17__235", "obj17__240", "obj17__245", "obj17__250"], "result1": [], "result2": [0.0, 2732.687532699925, 3302.493139359888, 4058.626380706547, 4573.044774799976, 5130.548786898569, 6076.50620273765, 6978.730356571675, 7151.2981660776295, 7649.396338815404, 7821.596485473836], "result3": [0.0, 11864.266134947538, 15875.610940750688, 19172.321835858747, 22765.154528306797, 25498.32862335816, 27553.540663681924, 29633.12709475495, 32084.403244383633, 33007.90755750425, 33087.02591758035]}