{"dataset": ["obj14__290", "obj14__295", "obj14__300", "obj14__305", "obj14__310", "obj14__315", "obj14__320", "obj14__325", "obj14__330", "obj14__335", "obj14__340"], "result0": ["obj14__290", "obj14__295", "obj14__300", "obj14__305", "obj14__310", "obj14__315", "obj14__320", "obj14__325", "obj14__330", "obj14__335", "obj14__340"], "result1": [], "result2": [0.0, 5067.620936239472, 6571.005926850069, 7997.525866669793, 8711.90266741944, 9938.910672122289, 10421.633509817302, 10603.693680587478, 10965.979475634107, 11074.110719842512, 10633.7799806699], "result3": [0.0, 31351.23361875862, 45091.70732552372, 58090.97603658028, 62338.38788378984, 66911.41224605404, 70186.12167691998, 71796.05062112026, 74086.5308446791, 75990.47893399186, 77182.45796293765]}