{"dataset": ["obj1__165", "obj1__170", "obj1__175", "obj1__180", "obj1__185", "obj1__190", "obj1__195", "obj1__200", "obj1__205", "obj1__210", "obj1__215"], "result0": ["obj1__165", "obj1__170", "obj1__175", "obj1__180", "obj1__185", "obj1__190", "obj1__195", "obj1__200", "obj1__205", "obj1__210", "obj1__215"], "result1": [], "result2": [0.0, 3442.9688734922074, 4281.689453435303, 4763.989852921979, 4232.827488135596, 4151.549331718445, 4155.1286494532515, 4743.37497662948, 5680.770755817725, 6589.463331007756, 6964.811791146505], "result3": [0.0, 30490.451358715072, 46070.78688695468, 57437.243976119906, 59403.007837543264, 59431.925142068416, 58732.9822773654, 60019.3726389315, 60666.01412877813, 59687.58176183328, 59703.56846381724]}