{"dataset": ["obj17__145", "obj17__150", "obj17__155", "obj17__160", "obj17__165", "obj17__170", "obj17__175", "obj17__180", "obj17__185", "obj17__190", "obj17__195"], "result0": ["obj17__145", "obj17__150", "obj17__155", "obj17__160", "obj17__165", "obj17__170", "obj17__175", "obj17__180", "obj17__185", "obj17__190", "obj17__195"], "result1": [], "result2": [0.0, 2393.6139583303807, 3218.967384459888, 4228.980146960747, 4471.097693361705, 4836.66311828952, 5039.725403345755, 5139.622009203509, 5459.049300519597, 5359.863418553064, 5310.130303986638], "result3": [0.0, 10167.246370373294, 14848.69921639748, 20599.73733281158, 23514.151205450296, 26154.088794317096, 27905.401741486043, 29763.618081176654, 29920.102907558903, 30972.890620164573, 31754.239371087402]}