{"dataset": ["obj12__75", "obj12__80", "obj12__85", "obj12__90", "obj12__95", "obj12__100", "obj12__105", "obj12__110", "obj12__115", "obj12__120", "obj12__125"], "result0": ["obj12__75", "obj12__80", "obj12__85", "obj12__90", "obj12__95", "obj12__100", "obj12__105", "obj12__110", "obj12__115", "obj12__120", "obj12__125"], "result1": [], "result2": [0.0, 5372.623707374056, 8516.253072093523, 10596.575095385513, 9641.509799035279, 8024.768986500975, 6175.4514612275925, 8727.537137609193, 11632.64717393486, 14594.433533065416, 14836.28973186276], "result3": [0.0, 20119.552761854604, 26688.528524313122, 29938.073169302195, 31972.79140223749, 32333.857032990083, 32930.09498171322, 35204.621145108715, 36757.48197209649, 37826.720919465646, 38547.3538253326]}