{"dataset": ["obj14__125", "obj14__130", "obj14__135", "obj14__140", "obj14__145", "obj14__150", "obj14__155", "obj14__160", "obj14__165", "obj14__170", "obj14__175"], "result0": ["obj14__125", "obj14__130", "obj14__135", "obj14__140", "obj14__145", "obj14__150", "obj14__155", "obj14__160", "obj14__165", "obj14__170", "obj14__175"], "result1": [], "result2": [0.0, 3787.684270507838, 4468.8212601808455, 5548.447307951494, 6719.832738627591, 7367.406098552503, 6817.220734831843, 8128.393663462022, 7606.178476624441, 6799.887931415673, 6372.335456824129], "result3": [0.0, 20856.45458832197, 29284.995293481275, 35993.02850945294, 41622.41047964245, 45659.37514679879, 48080.361863913015, 51935.96652778797, 53972.39332111925, 54826.950530488044, 54605.51117078215]}