{"dataset": ["obj14__180", "obj14__185", "obj14__190", "obj14__195", "obj14__200", "obj14__205", "obj14__210", "obj14__215", "obj14__220", "obj14__225", "obj14__230"], "result0": ["obj14__180", "obj14__185", "obj14__190", "obj14__195", "obj14__200", "obj14__205", "obj14__210", "obj14__215", "obj14__220", "obj14__225", "obj14__230"], "result1": [], "result2": [0.0, 3108.425057395445, 4347.988420779055, 6496.6942965045155, 7575.970465631263, 7837.054792063005, 8147.00603768617, 8006.717612383655, 8046.999119827479, 8317.92765517716, 8256.034981542429], "result3": [0.0, 17646.572185527533, 27496.921502631158, 35064.37956491113, 41779.9431473054, 46264.60226852819, 50481.14002592862, 52319.99357469194, 54019.86297454871, 54632.02204353362, 55494.68239733018]}