{"dataset": ["obj10__0", "obj10__5", "obj10__10", "obj10__15", "obj10__20"], "result0": ["obj10__0", "obj10__5", "obj10__10", "obj10__15", "obj10__20"], "result1": [], "result2": [0.0, 3209.5720787682862, 4311.369682252125, 3948.789517126833, 4728.078249158224], "result3": [0.0, 16750.28954479471, 25964.140067419037, 24529.88157721609, 28480.653004538268]}