{"dataset": ["obj19__305", "obj19__310", "obj19__315", "obj19__320", "obj19__325", "obj19__330", "obj19__335", "obj19__340", "obj19__345", "obj19__350", "obj19__355"], "result0": ["obj19__305", "obj19__310", "obj19__315", "obj19__320", "obj19__325", "obj19__330", "obj19__335", "obj19__340", "obj19__345", "obj19__350", "obj19__355"], "result1": [], "result2": [0.0, 7352.281104777215, 8915.420700327973, 10998.856763987349, 11966.942807448646, 13343.448241902244, 13053.896197226768, 14219.35528331517, 15423.733930428527, 15220.758610140123, 15752.252372310602], "result3": [0.0, 29424.228430124, 37475.86798311025, 43759.13122417964, 47660.64271902293, 49037.67124471441, 50603.85761558823, 50384.73885811865, 50582.5902598165, 50644.90907421708, 50921.76595457643]}