{"dataset": ["obj16__0", "obj16__5"], "result0": ["obj16__0", "obj16__5"], "result1": [], "result2": [0.0, 6190.778994668783], "result3": [0.0, 49199.13136245869]}