{"dataset": ["obj100__275", "obj100__280", "obj100__285", "obj100__290", "obj100__295", "obj100__300", "obj100__305", "obj100__310", "obj100__315", "obj100__320", "obj100__325"], "result0": ["obj100__275", "obj100__280", "obj100__285", "obj100__290", "obj100__295", "obj100__300", "obj100__305", "obj100__310", "obj100__315", "obj100__320", "obj100__325"], "result1": [], "result2": [0.0, 11357.898602270701, 15365.060916609795, 17363.935297391974, 18462.24708898244, 18757.895546475887, 18782.956816561044, 19127.932545337677, 18891.737282274047, 19792.272162356323, 19966.60596587133], "result3": [0.0, 39399.42517438717, 47943.334444183856, 54046.32803113945, 60554.518151283264, 63880.513911755756, 65303.614476187155, 65993.54469320923, 66430.11770677753, 66425.00974623114, 67508.37704603747]}