{"dataset": ["obj1__0", "obj1__5", "obj1__10", "obj1__15", "obj1__20", "obj1__25", "obj1__30", "obj1__35", "obj1__40", "obj1__45", "obj1__50"], "result0": ["obj1__0", "obj1__5", "obj1__10", "obj1__15", "obj1__20", "obj1__25", "obj1__30", "obj1__35", "obj1__40", "obj1__45", "obj1__50"], "result1": [], "result2": [0.0, 2108.127993133778, 3011.1257903926335, 4266.301546187942, 4944.1942762511235, 5126.539011175899, 5521.268422236987, 5518.798486763005, 6275.645564505258, 7557.86344855846, 7711.6598974784465], "result3": [0.0, 37005.60891487822, 46353.92668541521, 50048.68765392527, 53743.990525053814, 55102.9549656529, 55426.84515404329, 55694.412958858535, 55741.72256224416, 57094.21958373487, 56790.25385830924]}