{"dataset": ["obj15__260", "obj15__265", "obj15__270", "obj15__275", "obj15__280", "obj15__285", "obj15__290", "obj15__295", "obj15__300", "obj15__305", "obj15__310"], "result0": ["obj15__260", "obj15__265", "obj15__270", "obj15__275", "obj15__280", "obj15__285", "obj15__290", "obj15__295", "obj15__300", "obj15__305", "obj15__310"], "result1": [], "result2": [0.0, 9700.455967866159, 12723.001008969537, 13082.657306354653, 10195.854321732691, 8599.676141332655, 11041.537176932063, 12244.1967608269, 14144.503770838539, 15186.991513172976, 16934.08199561573], "result3": [0.0, 52620.91485021636, 68153.34141218662, 73395.82694656216, 69005.30858398043, 68347.88164538145, 69517.19392662309, 69920.36392663792, 69584.11124555208, 70039.30613809451, 69264.33782505058]}