{"dataset": ["obj13__155", "obj13__160", "obj13__165", "obj13__170", "obj13__175", "obj13__180", "obj13__185", "obj13__190", "obj13__195", "obj13__200", "obj13__205"], "result0": ["obj13__155", "obj13__160", "obj13__165", "obj13__170", "obj13__175", "obj13__180", "obj13__185", "obj13__190", "obj13__195", "obj13__200", "obj13__205"], "result1": [], "result2": [0.0, 4168.4888808193255, 5665.166130854752, 5643.870218251232, 4849.629439833681, 4776.960512815545, 4746.56093043679, 5203.250507527694, 6150.025376482582, 5443.572501728897, 5468.737914771158], "result3": [0.0, 17804.9051047042, 23800.631695020944, 31238.858740381896, 30596.63600219786, 30947.32213943638, 31996.75643343106, 34444.86074664444, 37977.929250182584, 34750.908452285454, 36966.62398504652]}