{"dataset": ["obj1__275", "obj1__280", "obj1__285", "obj1__290", "obj1__295", "obj1__300", "obj1__305", "obj1__310", "obj1__315", "obj1__320", "obj1__325"], "result0": ["obj1__275", "obj1__280", "obj1__285", "obj1__290", "obj1__295", "obj1__300", "obj1__305", "obj1__310", "obj1__315", "obj1__320", "obj1__325"], "result1": [], "result2": [0.0, 8957.241595291702, 10594.14469986517, 12526.072886998858, 12866.07330777699, 14437.534111546542, 14401.949245904758, 14739.777025752745, 15993.486216785317, 15730.912712882327, 15705.403101175143], "result3": [0.0, 81741.88771301508, 92103.12054852583, 98967.00096697919, 100952.6645129919, 101838.29811250418, 100962.3948581554, 99517.94048335776, 98066.57563971356, 99608.13668181002, 101123.50194564648]}