{"dataset": ["obj18__5", "obj18__10", "obj18__15", "obj18__20", "obj18__25", "obj18__30", "obj18__35", "obj18__40", "obj18__45", "obj18__50", "obj18__55"], "result0": ["obj18__5", "obj18__10", "obj18__15", "obj18__20", "obj18__25", "obj18__30", "obj18__35", "obj18__40", "obj18__45", "obj18__50", "obj18__55"], "result1": [], "result2": [0.0, 4775.105954536978, 5678.33194086789, 4182.907268608841, 6127.40187706875, 7043.803646034799, 6744.088174045909, 7091.07726962787, 6574.07843327855, 7067.092228014503, 6674.856976849164], "result3": [0.0, 20463.183457637206, 30317.49887461774, 23217.971651399508, 31261.615353750065, 29886.200289998204, 31926.779184089974, 31695.82296839729, 30746.656507335603, 34169.92982304655, 29929.827912513167]}