{"dataset": ["obj10__135", "obj10__140", "obj10__145", "obj10__150", "obj10__155", "obj10__160", "obj10__165", "obj10__170", "obj10__175", "obj10__180", "obj10__185"], "result0": ["obj10__135", "obj10__140", "obj10__145", "obj10__150", "obj10__155", "obj10__160", "obj10__165", "obj10__170", "obj10__175", "obj10__180", "obj10__185"], "result1": [], "result2": [0.0, 6251.670446126315, 7781.63328230543, 9057.246363545606, 10690.223672108315, 11409.276856295619, 11131.511285479097, 11428.776049824737, 11787.33481288602, 11893.698623480439, 11651.440241493718], "result3": [0.0, 25160.81427852623, 37055.41061247885, 45737.81705515459, 50361.29962031916, 51062.04551081546, 51221.54567385279, 54514.65564599447, 52219.02612538822, 53051.42476637289, 53002.14961029962]}