{"dataset": ["obj13__210", "obj13__215", "obj13__220", "obj13__225", "obj13__230", "obj13__235", "obj13__240", "obj13__245", "obj13__250", "obj13__255", "obj13__260"], "result0": ["obj13__210", "obj13__215", "obj13__220", "obj13__225", "obj13__230", "obj13__235", "obj13__240", "obj13__245", "obj13__250", "obj13__255", "obj13__260"], "result1": [], "result2": [0.0, 3184.26748637257, 4689.456489490666, 5522.528978068748, 6083.812543911044, 7020.480382291248, 8146.465731485417, 10298.689996124729, 10844.320841265484, 12126.341903940884, 12568.007341319093], "result3": [0.0, 16297.682730598375, 26935.643220551312, 33008.23205722496, 37365.1011504028, 39427.56764969416, 40590.185539238155, 42013.89965263009, 43105.22441360727, 45193.14374838211, 44806.042079487815]}