{"dataset": ["obj19__195", "obj19__200", "obj19__205", "obj19__210", "obj19__215", "obj19__220", "obj19__225", "obj19__230", "obj19__235", "obj19__240", "obj19__245"], "result0": ["obj19__195", "obj19__200", "obj19__205", "obj19__210", "obj19__215", "obj19__220", "obj19__225", "obj19__230", "obj19__235", "obj19__240", "obj19__245"], "result1": [], "result2": [0.0, 3454.1690091823657, 4317.786032703621, 6123.177681331159, 7624.923161168266, 9484.562001973496, 10461.977698285686, 12897.997201076503, 14934.282234744302, 18309.978402793648, 20858.64430529537], "result3": [0.0, 17380.736450344324, 27556.1428216435, 32771.83894993365, 36347.22250649333, 40337.52686308697, 43050.576043359935, 45510.104758009315, 49443.6873550266, 53886.99484027736, 57388.07567266375]}