{"dataset": ["obj15__150", "obj15__155", "obj15__160", "obj15__165", "obj15__170", "obj15__175", "obj15__180", "obj15__185", "obj15__190", "obj15__195", "obj15__200"], "result0": ["obj15__150", "obj15__155", "obj15__160", "obj15__165", "obj15__170", "obj15__175", "obj15__180", "obj15__185", "obj15__190", "obj15__195", "obj15__200"], "result1": [], "result2": [0.0, 2508.7954963652865, 3161.8546713375595, 3342.164153328588, 3850.656687846131, 4187.115208538381, 4086.8081041090823, 4137.885862662205, 4141.849181063392, 4750.003597856053, 5684.83442179392], "result3": [0.0, 22559.644013656303, 31862.895230710506, 35391.481811331585, 40434.40291723795, 44030.180821729824, 46613.54516299255, 46840.58189015277, 47353.1091278065, 47815.163341352716, 47406.50954965502]}