{"dataset": ["obj19__140", "obj19__145", "obj19__150", "obj19__155", "obj19__160", "obj19__165", "obj19__170", "obj19__175", "obj19__180", "obj19__185", "obj19__190"], "result0": ["obj19__140", "obj19__145", "obj19__150", "obj19__155", "obj19__160", "obj19__165", "obj19__170", "obj19__175", "obj19__180", "obj19__185", "obj19__190"], "result1": [], "result2": [0.0, 3372.0607373506864, 5145.293813848243, 6389.324046393817, 6562.006247548006, 6728.432638726596, 6561.884466282799, 6629.926845511959, 6566.651172566182, 6585.5726802046975, 6399.189291319757], "result3": [0.0, 22234.718411527574, 32178.26229438372, 37121.31239040196, 40891.16820510849, 41798.1420852188, 43457.58458525129, 45640.006232414395, 45529.8889946118, 45528.84666721895, 46084.58515669964]}