{"dataset": ["obj100__220", "obj100__225", "obj100__230", "obj100__235", "obj100__240", "obj100__245", "obj100__250", "obj100__255", "obj100__260", "obj100__265", "obj100__270"], "result0": ["obj100__220", "obj100__225", "obj100__230", "obj100__235", "obj100__240", "obj100__245", "obj100__250", "obj100__255", "obj100__260", "obj100__265", "obj100__270"], "result1": [], "result2": [0.0, 4548.494398002761, 7061.523417356522, 10467.45581118716, 10954.937980296436, 14606.46181600144, 17318.240184801107, 18513.25393572317, 19568.02599979194, 20008.70407316605, 20792.097389973183], "result3": [0.0, 20320.59417368844, 32585.719964541495, 44277.40081988834, 51334.64057235792, 58182.17795500532, 66033.37035583332, 69364.53036754765, 67924.41650296003, 66159.68933052942, 65143.21217789315]}