{"dataset": ["obj15__40", "obj15__45", "obj15__50", "obj15__55", "obj15__60", "obj15__65", "obj15__70", "obj15__75", "obj15__80", "obj15__85", "obj15__90"], "result0": ["obj15__40", "obj15__45", "obj15__50", "obj15__55", "obj15__60", "obj15__65", "obj15__70", "obj15__75", "obj15__80", "obj15__85", "obj15__90"], "result1": [], "result2": [0.0, 3022.6495796728445, 3942.266985418317, 5807.990514042603, 6946.357824093973, 7400.725418658502, 9888.595887112857, 11386.916475340104, 12530.864365237408, 15592.905252587861, 17683.435548136687], "result3": [0.0, 15049.921603675932, 25431.30597757362, 32573.232044294477, 36860.68001249246, 41832.484433274716, 46609.956433389336, 49409.48928899504, 52522.738853951916, 58539.0964097213, 64755.487757129595]}