{"dataset": ["obj17__90", "obj17__95", "obj17__100", "obj17__105", "obj17__110", "obj17__115", "obj17__120", "obj17__125", "obj17__130", "obj17__135", "obj17__140"], "result0": ["obj17__90", "obj17__95", "obj17__100", "obj17__105", "obj17__110", "obj17__115", "obj17__120", "obj17__125", "obj17__130", "obj17__135", "obj17__140"], "result1": [], "result2": [0.0, 2937.134243395711, 3865.968594969593, 5006.528707822132, 5419.228614105574, 5829.830804053907, 5954.898563356608, 7090.199412223374, 7940.046628525037, 8937.78441902466, 8995.478989566205], "result3": [0.0, 10178.784107696265, 15255.477173188701, 20064.07656553015, 23028.83474353142, 26410.615031216294, 28826.572865234688, 30860.671580206603, 32651.643282691017, 33440.160960109904, 34263.17072652839]}