{"dataset": ["obj17__35", "obj17__40", "obj17__45", "obj17__50", "obj17__55", "obj17__60", "obj17__65", "obj17__70", "obj17__75", "obj17__80", "obj17__85"], "result0": ["obj17__35", "obj17__40", "obj17__45", "obj17__50", "obj17__55", "obj17__60", "obj17__65", "obj17__70", "obj17__75", "obj17__80", "obj17__85"], "result1": [], "result2": [0.0, 4437.338163934893, 5289.509942089558, 5861.854472875668, 6089.114769689622, 7344.780309819417, 8492.669438451006, 8491.451728730515, 8521.614159495011, 7816.749885325074, 7645.0079199512], "result3": [0.0, 20008.905589256436, 24571.799480397254, 29090.24446447566, 33904.02905472927, 37410.515637911856, 37918.47034915537, 38296.86600597389, 38531.21608186513, 38252.99450979568, 37877.327472917736]}