{"dataset": ["obj12__295", "obj12__300", "obj12__305", "obj12__310", "obj12__315", "obj12__320", "obj12__325", "obj12__330", "obj12__335", "obj12__340", "obj12__345"], "result0": ["obj12__295", "obj12__300", "obj12__305", "obj12__310", "obj12__315", "obj12__320", "obj12__325", "obj12__330", "obj12__335", "obj12__340", "obj12__345"], "result1": [], "result2": [0.0, 6383.1742918228465, 8950.669453504017, 10564.581560216746, 12170.173740698709, 12526.955480556346, 12895.234273895456, 14663.24910041972, 14240.502706838424, 14574.21396885359, 14747.07773476171], "result3": [0.0, 20264.540631121024, 27856.552009304985, 31710.185735218227, 35019.22102991678, 37388.693235041574, 39898.76833273843, 41430.50657572597, 41395.26788638346, 40683.06900961138, 40950.6197528746]}