{"dataset": ["obj16__10", "obj16__15", "obj16__20", "obj16__25", "obj16__30", "obj16__35", "obj16__40", "obj16__45", "obj16__50", "obj16__55", "obj16__60"], "result0": ["obj16__10", "obj16__15", "obj16__20", "obj16__25", "obj16__30", "obj16__35", "obj16__40", "obj16__45", "obj16__50", "obj16__55", "obj16__60"], "result1": [], "result2": [0.0, 5652.0507323601905, 8796.234310150347, 10383.53383153621, 11167.202168181264, 11424.182498326656, 11949.209544240837, 12796.076329877904, 13735.766156147463, 15385.980844675216, 16912.148895913408], "result3": [0.0, 46523.433207422495, 64103.11686579697, 75362.9722613208, 85399.81973341294, 90790.64362400025, 92922.30549704656, 94964.21290716901, 96515.62431647442, 95667.42025911435, 97067.98446790688]}