{"dataset": ["obj11__50", "obj11__55", "obj11__60", "obj11__65", "obj11__70", "obj11__75", "obj11__80", "obj11__85", "obj11__90", "obj11__95", "obj11__100"], "result0": ["obj11__50", "obj11__55", "obj11__60", "obj11__65", "obj11__70", "obj11__75", "obj11__80", "obj11__85", "obj11__90", "obj11__95", "obj11__100"], "result1": [], "result2": [0.0, 6796.14584951403, 6044.460170815751, 6029.083597158876, 6327.8043794350115, 6089.998774119959, 6794.987983855905, 6201.824012569957, 6842.485106746371, 7451.505163293288, 7113.371716776673], "result3": [0.0, 20809.221133498475, 21294.427410591394, 20550.076817825437, 22027.33786821924, 21689.10714643635, 22731.092259973288, 20385.566591063514, 23216.576667094603, 26830.58727325499, 24717.25698374398]}