{"dataset": ["obj14__70", "obj14__75", "obj14__80", "obj14__85", "obj14__90", "obj14__95", "obj14__100", "obj14__105", "obj14__110", "obj14__115", "obj14__120"], "result0": ["obj14__70", "obj14__75", "obj14__80", "obj14__85", "obj14__90", "obj14__95", "obj14__100", "obj14__105", "obj14__110", "obj14__115", "obj14__120"], "result1": [], "result2": [0.0, 3064.640437470746, 4298.548274188915, 4674.092908975725, 5072.806960852586, 5612.22899149205, 6326.520127188681, 6675.785128808591, 7267.573522262481, 6879.5231390323515, 6806.997220807545], "result3": [0.0, 19779.894270963967, 28907.921628544107, 34843.88953618333, 38845.49461499788, 42076.47650482319, 44300.0684281569, 46656.274571793154, 49892.82877640799, 53524.399902896956, 54994.76825879328]}