{"dataset": ["obj10__80", "obj10__85", "obj10__90", "obj10__95", "obj10__100", "obj10__105", "obj10__110", "obj10__115", "obj10__120", "obj10__125", "obj10__130"], "result0": ["obj10__80", "obj10__85", "obj10__90", "obj10__95", "obj10__100", "obj10__105", "obj10__110", "obj10__115", "obj10__120", "obj10__125", "obj10__130"], "result1": [], "result2": [0.0, 4501.601592882294, 5576.691647301605, 5621.6732407890495, 5523.514495615206, 5936.535097099191, 5828.360152608089, 5866.429302044916, 6410.704658444285, 7277.973713174047, 9586.84231807395], "result3": [0.0, 20983.922883549705, 27475.62799150683, 27626.708199236542, 27193.53416742012, 28287.56293151714, 29458.66865010932, 29968.8646525871, 30666.900426719338, 43754.38089295663, 56383.70378315076]}