{"dataset": ["obj12__20", "obj12__25", "obj12__30", "obj12__35", "obj12__40", "obj12__45", "obj12__50", "obj12__55", "obj12__60", "obj12__65", "obj12__70"], "result0": ["obj12__20", "obj12__25", "obj12__30", "obj12__35", "obj12__40", "obj12__45", "obj12__50", "obj12__55", "obj12__60", "obj12__65", "obj12__70"], "result1": [], "result2": [0.0, 3542.990123128067, 5791.56690379872, 6994.645298167077, 7294.50393244509, 8355.5909156127, 10013.092312935076, 12187.223030946032, 12956.990919101685, 14762.345768129897, 16749.425400721626], "result3": [0.0, 14761.210070893168, 22338.926712973043, 23968.52222547494, 27784.127649663016, 30720.21877633594, 33348.94850926101, 34899.82788002491, 37086.27563078143, 37402.89352134988, 38452.82785207592]}