{"dataset": ["obj18__280", "obj18__285", "obj18__290", "obj18__295", "obj18__300", "obj18__305", "obj18__310", "obj18__315", "obj18__320", "obj18__325", "obj18__330"], "result0": ["obj18__280", "obj18__285", "obj18__290", "obj18__295", "obj18__300", "obj18__305", "obj18__310", "obj18__315", "obj18__320", "obj18__325", "obj18__330"], "result1": [], "result2": [0.0, 6823.340653664919, 4632.95722799229, 3662.7054961838367, 3842.114086371504, 4630.151648395929, 5272.054753520517, 4984.328938939454, 5519.619085569918, 4530.619809750672, 5542.348616255351], "result3": [0.0, 24238.018464829773, 17155.423073915765, 18201.209359491244, 18853.136758245528, 21351.71174212359, 22984.88134966977, 25858.09617865458, 22706.87612144649, 23295.451349895447, 24219.67956306599]}