{"dataset": ["obj17__255", "obj17__260", "obj17__265", "obj17__270", "obj17__275", "obj17__280", "obj17__285", "obj17__290", "obj17__295", "obj17__300", "obj17__305"], "result0": ["obj17__255", "obj17__260", "obj17__265", "obj17__270", "obj17__275", "obj17__280", "obj17__285", "obj17__290", "obj17__295", "obj17__300", "obj17__305"], "result1": [], "result2": [0.0, 3805.7235049564574, 4642.342076683218, 5235.804735154806, 5471.879489180099, 5447.180947256138, 5574.867351610841, 5409.735251389091, 5401.650075164141, 5468.99261907072, 5916.053784497558], "result3": [0.0, 11925.453201977536, 16991.263020988554, 21121.35104244575, 23593.002340903506, 25408.300211885944, 27302.883252754807, 28801.191586231813, 30852.909939549863, 31772.069146372378, 33524.19906193204]}