{"dataset": ["obj15__205", "obj15__210", "obj15__215", "obj15__220", "obj15__225", "obj15__230", "obj15__235", "obj15__240", "obj15__245", "obj15__250", "obj15__255"], "result0": ["obj15__205", "obj15__210", "obj15__215", "obj15__220", "obj15__225", "obj15__230", "obj15__235", "obj15__240", "obj15__245", "obj15__250", "obj15__255"], "result1": [], "result2": [0.0, 2572.1617471250365, 4709.947411253999, 6292.011140033333, 7482.681019069267, 8993.114477227946, 10598.848761138299, 11821.429797299777, 14170.951670373302, 16289.75770003053, 17905.768410066066], "result3": [0.0, 17935.2045890335, 29668.722137711942, 34374.197495844215, 38663.61910309829, 43196.670255163684, 47937.63149239309, 51631.03846435435, 54683.76324359141, 59959.26008061506, 63431.06022136472]}