{"dataset": ["obj16__230", "obj16__235", "obj16__240", "obj16__245", "obj16__250", "obj16__255", "obj16__260", "obj16__265", "obj16__270", "obj16__275", "obj16__280"], "result0": ["obj16__230", "obj16__235", "obj16__240", "obj16__245", "obj16__250", "obj16__255", "obj16__260", "obj16__265", "obj16__270", "obj16__275", "obj16__280"], "result1": [], "result2": [0.0, 8365.654431786703, 8409.21510573722, 8917.338993845065, 8923.273833141879, 9226.200369709186, 9255.986236870676, 9304.770075434506, 9124.942131384249, 9047.8393784461, 9048.701945675053], "result3": [0.0, 64728.76895212568, 69118.66884624027, 69940.13256321847, 71980.28106786497, 74346.35188060626, 73172.28439719975, 73160.19833114557, 71421.38424403593, 69902.91393662803, 70320.72198845819]}