{"dataset": ["obj12__0", "obj12__5", "obj12__10", "obj12__15"], "result0": ["obj12__0", "obj12__5", "obj12__10", "obj12__15"], "result1": [], "result2": [0.0, 7196.580617427398, 8266.855769397589, 9394.97242481595], "result3": [0.0, 16501.394036876038, 23087.625845463946, 27289.393923571333]}