{"dataset": ["obj12__240", "obj12__245", "obj12__250", "obj12__255", "obj12__260", "obj12__265", "obj12__270", "obj12__275", "obj12__280", "obj12__285", "obj12__290"], "result0": ["obj12__240", "obj12__245", "obj12__250", "obj12__255", "obj12__260", "obj12__265", "obj12__270", "obj12__275", "obj12__280", "obj12__285", "obj12__290"], "result1": [], "result2": [0.0, 5378.948525312686, 8868.773553534571, 11446.430821809783, 14241.805280669245, 16581.122484349442, 18809.640145154994, 16991.315301665174, 15217.602931002652, 12769.65648640941, 10947.984784878889], "result3": [0.0, 19547.773327330127, 27562.70164743811, 30699.624967789277, 34149.08808949217, 35864.48176644556, 37455.13605744392, 39641.89722601697, 40134.405362131074, 40040.065330524, 40114.4081912823]}