{"dataset": ["obj15__0", "obj15__5", "obj15__10", "obj15__15", "obj15__20", "obj15__25", "obj15__30", "obj15__35"], "result0": ["obj15__0", "obj15__5", "obj15__10", "obj15__15", "obj15__20", "obj15__25", "obj15__30", "obj15__35"], "result1": [], "result2": [0.0, 2672.3483588420954, 3335.8238489652513, 3288.4400481938524, 3705.807154379629, 3462.020512203473, 4015.774944929438, 4856.62166082158], "result3": [0.0, 20825.893769863993, 28540.82931984216, 34233.105818333104, 37083.38326174766, 38750.22241599485, 39885.32233447023, 41234.221027633175]}