{"dataset": ["obj19__250", "obj19__255", "obj19__260", "obj19__265", "obj19__270", "obj19__275", "obj19__280", "obj19__285", "obj19__290", "obj19__295", "obj19__300"], "result0": ["obj19__250", "obj19__255", "obj19__260", "obj19__265", "obj19__270", "obj19__275", "obj19__280", "obj19__285", "obj19__290", "obj19__295", "obj19__300"], "result1": [], "result2": [0.0, 8050.797972465493, 12453.80345112597, 16970.92313229646, 19041.104657922544, 15778.753776159649, 12278.083000155857, 8707.088044840888, 8284.585806215659, 11127.673123853057, 13244.981456578993], "result3": [0.0, 42438.44748951495, 53405.00991776772, 62110.142259031534, 67612.72342488356, 67144.32531860285, 67880.69880333357, 69405.0438584499, 66994.75131526962, 66394.87358083017, 65638.4824499581]}