{"dataset": ["obj18__60", "obj18__65", "obj18__70", "obj18__75", "obj18__80", "obj18__85", "obj18__90", "obj18__95", "obj18__100", "obj18__105", "obj18__110"], "result0": ["obj18__60", "obj18__65", "obj18__70", "obj18__75", "obj18__80", "obj18__85", "obj18__90", "obj18__95", "obj18__100", "obj18__105", "obj18__110"], "result1": [], "result2": [0.0, 5422.3907740117875, 4708.733001412341, 5283.748124974281, 5578.57588620537, 5892.981037541934, 5899.81031796113, 5490.2055044752005, 5978.516662617951, 5292.885677489923, 5555.872297886473], "result3": [0.0, 20471.420986300334, 17642.65119744651, 22513.94410307519, 24575.34907425195, 25130.549879278988, 25287.61305300705, 24827.23077083938, 25254.026809111238, 25367.54087250121, 26140.95146260783]}