{"dataset": ["obj18__225", "obj18__230", "obj18__235", "obj18__240", "obj18__245", "obj18__250", "obj18__255", "obj18__260", "obj18__265", "obj18__270", "obj18__275"], "result0": ["obj18__225", "obj18__230", "obj18__235", "obj18__240", "obj18__245", "obj18__250", "obj18__255", "obj18__260", "obj18__265", "obj18__270", "obj18__275"], "result1": [], "result2": [0.0, 4111.636611741446, 4483.068126747131, 4634.066090034574, 4573.160652534984, 4359.15755489007, 4201.515348084051, 4346.896122921474, 5126.0249902308, 4502.060305306959, 6243.518177985051], "result3": [0.0, 12323.97446556203, 13814.99423102662, 12346.812577849254, 13285.074958473444, 13584.851198602468, 14338.568848654628, 15270.31352734752, 18460.68103066832, 17244.17737935856, 21653.331298934296]}