{"dataset": ["obj28__115", "obj28__120", "obj28__125", "obj28__130", "obj28__135", "obj28__140", "obj28__145", "obj28__150", "obj28__155", "obj28__160", "obj28__165"], "result0": ["obj28__115", "obj28__120", "obj28__125", "obj28__130", "obj28__135", "obj28__140", "obj28__145", "obj28__150", "obj28__155", "obj28__160", "obj28__165"], "result1": [], "result2": [0.0, 5710.285401512344, 6934.919871572872, 6612.963632273648, 7109.081626311636, 7010.467642482924, 7504.8346158438135, 7137.357195320893, 7370.796759891478, 6989.164095083671, 7098.977713863041], "result3": [0.0, 25222.070821633562, 32803.30290668458, 34813.243451362476, 35478.000562533736, 36173.57100617513, 35696.211423235014, 36591.31562895328, 37460.875855278224, 37692.44654934667, 37749.885033059865]}