{"dataset": ["obj24__125", "obj24__130", "obj24__135", "obj24__140", "obj24__145", "obj24__150", "obj24__155", "obj24__160", "obj24__165", "obj24__170", "obj24__175"], "result0": ["obj24__125", "obj24__130", "obj24__135", "obj24__140", "obj24__145", "obj24__150", "obj24__155", "obj24__160", "obj24__165", "obj24__170", "obj24__175"], "result1": [], "result2": [0.0, 1623.0524847818376, 2150.5773050351563, 2378.369527670183, 2681.8020097765457, 2724.210215656145, 2861.6241612991635, 2786.897866373982, 2867.65008724881, 3222.9328377051656, 3171.313314486271], "result3": [0.0, 8887.00210666284, 12727.694773668423, 14878.759678086266, 16621.641160793602, 17510.797627463937, 18835.50056025386, 16984.474911931902, 17585.37834793143, 17848.393618458882, 18389.794280059636]}