{"dataset": ["obj23__0", "obj23__5", "obj23__10", "obj23__15", "obj23__20", "obj23__25", "obj23__30", "obj23__35", "obj23__40"], "result0": ["obj23__0", "obj23__5", "obj23__10", "obj23__15", "obj23__20", "obj23__25", "obj23__30", "obj23__35", "obj23__40"], "result1": [], "result2": [0.0, 1884.429712105129, 2753.5763179532787, 3161.780577670653, 3574.639445466368, 3947.011809889975, 4439.717334713535, 5121.9619356916455, 5789.382343952564], "result3": [0.0, 13670.844547240064, 20897.801168758422, 24315.114112293348, 27350.5744046662, 28890.20650777407, 31569.310602353886, 32017.306861583143, 34035.456704284996]}