{"dataset": ["obj27__255", "obj27__260", "obj27__265", "obj27__270", "obj27__275", "obj27__280", "obj27__285", "obj27__290", "obj27__295", "obj27__300", "obj27__305"], "result0": ["obj27__255", "obj27__260", "obj27__265", "obj27__270", "obj27__275", "obj27__280", "obj27__285", "obj27__290", "obj27__295", "obj27__300", "obj27__305"], "result1": [], "result2": [0.0, 9339.101205701314, 12928.695414487984, 16579.57600612855, 17065.937876264405, 15211.537715250593, 10887.910175487728, 6997.667859415795, 7314.285473245022, 8418.123903002479, 10488.831623201082], "result3": [0.0, 47501.3660473153, 61399.95397795178, 70561.4409655407, 73887.15745941363, 70427.5635349825, 64521.476231323555, 61019.626781696454, 60213.290784370154, 59916.08945700899, 59553.69616214745]}