{"dataset": ["obj24__180", "obj24__185", "obj24__190", "obj24__195", "obj24__200", "obj24__205", "obj24__210", "obj24__215", "obj24__220", "obj24__225", "obj24__230"], "result0": ["obj24__180", "obj24__185", "obj24__190", "obj24__195", "obj24__200", "obj24__205", "obj24__210", "obj24__215", "obj24__220", "obj24__225", "obj24__230"], "result1": [], "result2": [0.0, 1203.7458028441295, 1925.4798466506945, 2465.877830235171, 2575.6082700300135, 2505.756783823532, 2880.875322984007, 2851.1708596390285, 2835.6352542823392, 2992.5427042549186, 3156.2512727747257], "result3": [0.0, 10294.58198252134, 13840.757160911337, 13836.809382358566, 14298.281732011586, 15318.973950223997, 16507.912010209635, 16408.727894302458, 16945.7306766212, 18419.158549774438, 19079.730292264372]}