{"dataset": ["obj26__0", "obj26__5"], "result0": ["obj26__0", "obj26__5"], "result1": [], "result2": [0.0, 3464.1786786130515], "result3": [0.0, 25439.83800852485]}