{"dataset": ["obj26__285", "obj26__290", "obj26__295", "obj26__300", "obj26__305", "obj26__310", "obj26__315", "obj26__320", "obj26__325", "obj26__330", "obj26__335"], "result0": ["obj26__285", "obj26__290", "obj26__295", "obj26__300", "obj26__305", "obj26__310", "obj26__315", "obj26__320", "obj26__325", "obj26__330", "obj26__335"], "result1": [], "result2": [0.0, 3234.0545453199907, 4121.954148712804, 4203.398614112455, 4747.346249214265, 4774.89031440723, 4762.146887673648, 4951.73454046179, 5044.254512027704, 5489.867418518419, 5531.872916152112], "result3": [0.0, 16884.479301569983, 22077.298773992807, 25408.948036205024, 28769.43400697224, 31881.893812067807, 34043.68267342821, 35594.94514572248, 37436.23887162283, 40251.63148553483, 41101.07360483147]}