{"dataset": ["obj21__215", "obj21__220", "obj21__225", "obj21__230", "obj21__235", "obj21__240", "obj21__245", "obj21__250", "obj21__255", "obj21__260", "obj21__265"], "result0": ["obj21__215", "obj21__220", "obj21__225", "obj21__230", "obj21__235", "obj21__240", "obj21__245", "obj21__250", "obj21__255", "obj21__260", "obj21__265"], "result1": [], "result2": [0.0, 2734.1265038810243, 5473.8340738057095, 8149.599177468008, 10927.980719245877, 13683.884109656494, 16378.112195581662, 20746.433576283423, 26789.632310010784, 28153.59243526369, 26119.22863492696], "result3": [0.0, 15603.64776390791, 23325.370283825323, 31171.55097448267, 35789.8291007299, 39693.5419290103, 44665.54773581587, 48334.552169850096, 53719.61905718595, 56026.143161797896, 55280.12596621364]}