{"dataset": ["obj29__195", "obj29__200", "obj29__205", "obj29__210", "obj29__215", "obj29__220", "obj29__225", "obj29__230", "obj29__235", "obj29__240", "obj29__245"], "result0": ["obj29__195", "obj29__200", "obj29__205", "obj29__210", "obj29__215", "obj29__220", "obj29__225", "obj29__230", "obj29__235", "obj29__240", "obj29__245"], "result1": [], "result2": [0.0, 4323.374579046367, 4632.943932423836, 4881.115655568739, 5610.135349513496, 6261.343396930989, 6739.432889647505, 7377.97721981445, 6598.0434795458095, 7107.649987938056, 7036.587925631564], "result3": [0.0, 22789.889876607805, 27576.862583240494, 31348.558042602614, 34118.00088418834, 38929.37064707652, 40424.28295815736, 46820.2374660559, 42770.04502839409, 45566.73442200199, 47945.99167231843]}