{"dataset": ["obj26__230", "obj26__235", "obj26__240", "obj26__245", "obj26__250", "obj26__255", "obj26__260", "obj26__265", "obj26__270", "obj26__275", "obj26__280"], "result0": ["obj26__230", "obj26__235", "obj26__240", "obj26__245", "obj26__250", "obj26__255", "obj26__260", "obj26__265", "obj26__270", "obj26__275", "obj26__280"], "result1": [], "result2": [0.0, 2606.9792226087957, 2902.5664944198825, 3062.06587484951, 3524.6678360577184, 3615.0073598421345, 3685.2115225933035, 4178.350903174684, 4183.590903896, 4513.281544000677, 4679.202456100253], "result3": [0.0, 10223.186131833121, 12244.344191260636, 14144.202164117247, 15886.43236272782, 16448.337153181434, 17708.254384746775, 19330.977667231113, 20687.20295224525, 22587.414091851562, 25056.37514878437]}