{"dataset": ["obj20__245", "obj20__250", "obj20__255", "obj20__260", "obj20__265", "obj20__270", "obj20__275", "obj20__280", "obj20__285", "obj20__290", "obj20__295"], "result0": ["obj20__245", "obj20__250", "obj20__255", "obj20__260", "obj20__265", "obj20__270", "obj20__275", "obj20__280", "obj20__285", "obj20__290", "obj20__295"], "result1": [], "result2": [0.0, 4124.938845756726, 5342.989172877484, 6562.866598302226, 6758.613696779806, 6283.749965340716, 6696.522280093215, 7152.517956547513, 7168.527979000857, 6792.942995877398, 6143.180023565413], "result3": [0.0, 15796.566359207034, 23905.32627876848, 31425.367164801806, 33730.19961822964, 36968.29672905244, 38128.52250822075, 38493.41722719744, 37368.37616825476, 35964.86849631742, 35463.45298217051]}