{"dataset": ["obj2__275", "obj2__280", "obj2__285", "obj2__290", "obj2__295", "obj2__300", "obj2__305", "obj2__310", "obj2__315", "obj2__320", "obj2__325"], "result0": ["obj2__275", "obj2__280", "obj2__285", "obj2__290", "obj2__295", "obj2__300", "obj2__305", "obj2__310", "obj2__315", "obj2__320", "obj2__325"], "result1": [], "result2": [0.0, 3417.3860955765986, 4057.4117338856277, 4723.4780320513255, 5284.57058145778, 5540.321603027246, 5559.187633702171, 6143.7169804594905, 6839.904924813332, 6686.577700430909, 6865.815779014895], "result3": [0.0, 10321.85881689936, 11870.425316257402, 13352.201329283416, 14594.401332080364, 15019.947771484032, 16883.292741242796, 17931.79491027817, 20131.845546294004, 20685.320148678496, 22235.380589503795]}