{"dataset": ["obj22__75", "obj22__80", "obj22__85", "obj22__90", "obj22__95", "obj22__100", "obj22__105", "obj22__110", "obj22__115", "obj22__120", "obj22__125"], "result0": ["obj22__75", "obj22__80", "obj22__85", "obj22__90", "obj22__95", "obj22__100", "obj22__105", "obj22__110", "obj22__115", "obj22__120", "obj22__125"], "result1": [], "result2": [0.0, 1609.3013855112958, 2778.953370561067, 3171.7543724282427, 3288.859889350928, 3547.237235065721, 3263.144242033907, 3118.3814770423814, 3091.093411737915, 3838.2442621287155, 5162.224227856276], "result3": [0.0, 9297.134205508977, 19637.678378576413, 22654.244315667078, 26445.404228353873, 27172.820345783606, 27340.81381830573, 29705.49887004681, 33634.04627926089, 37919.89852237329, 44193.259865367785]}