{"dataset": ["obj24__235", "obj24__240", "obj24__245", "obj24__250", "obj24__255", "obj24__260", "obj24__265", "obj24__270", "obj24__275", "obj24__280", "obj24__285"], "result0": ["obj24__235", "obj24__240", "obj24__245", "obj24__250", "obj24__255", "obj24__260", "obj24__265", "obj24__270", "obj24__275", "obj24__280", "obj24__285"], "result1": [], "result2": [0.0, 1783.2052184268348, 2788.39123755492, 2586.6368351892497, 3044.779045720436, 2793.210348549564, 3051.189043917877, 3323.106822404066, 3354.593104643998, 3710.7476521159765, 3901.316884347793], "result3": [0.0, 8433.672404382378, 15836.033205691725, 14212.30471184291, 17754.265256749466, 16154.673830121756, 16694.853178231046, 17982.749310953543, 18292.069095339626, 20906.76120507717, 20725.943941097707]}