{"dataset": ["obj20__135", "obj20__140", "obj20__145", "obj20__150", "obj20__155", "obj20__160", "obj20__165", "obj20__170", "obj20__175", "obj20__180", "obj20__185"], "result0": ["obj20__135", "obj20__140", "obj20__145", "obj20__150", "obj20__155", "obj20__160", "obj20__165", "obj20__170", "obj20__175", "obj20__180", "obj20__185"], "result1": [], "result2": [0.0, 4091.819357320193, 4506.773591359049, 5576.500064989517, 6394.45848966876, 6964.283903985577, 7991.402571483574, 9540.788239964579, 10678.234599697533, 11616.904384017136, 10946.607564631955], "result3": [0.0, 11919.69333261624, 17105.9502501525, 19692.438697056845, 24402.169451862574, 26676.359938342124, 28619.537054875866, 30006.299630550668, 32363.39973333478, 33631.63383244537, 33071.478302108124]}