{"dataset": ["obj20__190", "obj20__195", "obj20__200", "obj20__205", "obj20__210", "obj20__215", "obj20__220", "obj20__225", "obj20__230", "obj20__235", "obj20__240"], "result0": ["obj20__190", "obj20__195", "obj20__200", "obj20__205", "obj20__210", "obj20__215", "obj20__220", "obj20__225", "obj20__230", "obj20__235", "obj20__240"], "result1": [], "result2": [0.0, 3278.466982443518, 6858.498112962445, 7063.098363949711, 7942.0665117558665, 7938.039113593807, 9360.535469160564, 9422.813226931119, 10993.700894764223, 10171.590119925926, 9029.139268891984], "result3": [0.0, 12056.427889544517, 18959.641479765996, 22388.760610969737, 26473.901983732358, 27931.428684117272, 30630.986110903323, 32037.90530530736, 34213.40953818709, 36416.226946327835, 37300.7276354637]}