{"dataset": ["obj25__0", "obj25__5", "obj25__10", "obj25__15", "obj25__20", "obj25__25", "obj25__30", "obj25__35"], "result0": ["obj25__0", "obj25__5", "obj25__10", "obj25__15", "obj25__20", "obj25__25", "obj25__30", "obj25__35"], "result1": [], "result2": [0.0, 4366.070112825007, 4632.186044281648, 5166.509391003553, 5116.326267627075, 5895.603162409049, 5733.302829236586, 6410.264552124271], "result3": [0.0, 12060.387148693204, 13061.657691333443, 15986.001481112093, 16564.782579559833, 19963.071214579046, 19706.891000384465, 20993.9269543048]}