{"dataset": ["obj23__155", "obj23__160", "obj23__165", "obj23__170", "obj23__175", "obj23__180", "obj23__185", "obj23__190", "obj23__195", "obj23__200", "obj23__205"], "result0": ["obj23__155", "obj23__160", "obj23__165", "obj23__170", "obj23__175", "obj23__180", "obj23__185", "obj23__190", "obj23__195", "obj23__200", "obj23__205"], "result1": [], "result2": [0.0, 2999.097736788531, 3891.5412129298693, 4288.3338223670335, 4336.785260729886, 4699.213120741998, 4347.972047172265, 4536.899257524487, 4596.068630327099, 4688.785962713749, 4876.636445537169], "result3": [0.0, 16300.243955446407, 24001.471725843847, 30279.937677547336, 34872.832482494414, 37196.97724863142, 37462.86903344467, 38392.56767834537, 39480.21827213094, 39378.15819989331, 39448.34924566932]}