{"dataset": ["obj24__70", "obj24__75", "obj24__80", "obj24__85", "obj24__90", "obj24__95", "obj24__100", "obj24__105", "obj24__110", "obj24__115", "obj24__120"], "result0": ["obj24__70", "obj24__75", "obj24__80", "obj24__85", "obj24__90", "obj24__95", "obj24__100", "obj24__105", "obj24__110", "obj24__115", "obj24__120"], "result1": [], "result2": [0.0, 1907.427803387218, 1992.9760678839234, 2205.5660554034876, 2696.780041019065, 2702.223125369089, 2762.549852655467, 2976.2010154980503, 3183.2603215642002, 3042.919623360577, 3108.6118454356097], "result3": [0.0, 11188.093376522884, 12208.214777562767, 14635.808105679229, 15804.023534597829, 17131.967117793858, 18010.962550865486, 19599.865902042016, 21156.7536585778, 19250.14141816646, 19521.53741243668]}