{"dataset": ["obj28__60", "obj28__65", "obj28__70", "obj28__75", "obj28__80", "obj28__85", "obj28__90", "obj28__95", "obj28__100", "obj28__105", "obj28__110"], "result0": ["obj28__60", "obj28__65", "obj28__70", "obj28__75", "obj28__80", "obj28__85", "obj28__90", "obj28__95", "obj28__100", "obj28__105", "obj28__110"], "result1": [], "result2": [0.0, 4202.766430035866, 5055.62767849624, 5271.284924372807, 5489.461448358777, 6184.754195027815, 7400.430631231646, 8254.58463624026, 8120.882978063086, 8897.832508105292, 8884.057669305212], "result3": [0.0, 22403.064136750996, 29922.125899748877, 34046.951168209314, 36353.95290437341, 38451.78079405986, 40062.26368540153, 40490.97453675419, 41198.704467454925, 41642.90773475915, 42576.721541589126]}