{"dataset": ["obj25__205", "obj25__210", "obj25__215", "obj25__220", "obj25__225", "obj25__230", "obj25__235", "obj25__240", "obj25__245", "obj25__250", "obj25__255"], "result0": ["obj25__205", "obj25__210", "obj25__215", "obj25__220", "obj25__225", "obj25__230", "obj25__235", "obj25__240", "obj25__245", "obj25__250", "obj25__255"], "result1": [], "result2": [0.0, 4319.764988514356, 4337.048786295798, 4829.107050105211, 4972.434717904591, 5485.022571432807, 4300.205388915671, 6224.498584113349, 5516.367852306477, 6354.686214690263, 6369.936846813399], "result3": [0.0, 13326.954374168068, 12683.46396265179, 14188.02009852603, 13872.338861430064, 18104.734613083303, 14312.962996607646, 20608.22666556947, 15839.096118215472, 20372.44316374883, 19945.597838036716]}