{"dataset": ["obj22__0", "obj22__5", "obj22__10", "obj22__15"], "result0": ["obj22__0", "obj22__5", "obj22__10", "obj22__15"], "result1": [], "result2": [0.0, 2777.066204607244, 3772.135330578733, 4521.972266825947], "result3": [0.0, 24401.41289895773, 42062.46486735344, 50450.479871431366]}