{"dataset": ["obj20__80", "obj20__85", "obj20__90", "obj20__95", "obj20__100", "obj20__105", "obj20__110", "obj20__115", "obj20__120", "obj20__125", "obj20__130"], "result0": ["obj20__80", "obj20__85", "obj20__90", "obj20__95", "obj20__100", "obj20__105", "obj20__110", "obj20__115", "obj20__120", "obj20__125", "obj20__130"], "result1": [], "result2": [0.0, 4767.442272063814, 6892.9913655138735, 7328.065181530746, 6969.3412907710135, 6956.290039793495, 6252.144460897794, 7119.952916487069, 7280.512850639118, 7290.846066235723, 8438.347817862064], "result3": [0.0, 16537.22548871115, 26204.09372768365, 30393.321069482714, 30708.03429936245, 31660.77711629495, 31450.009652663022, 31630.278773494065, 31471.69916895777, 31273.675008744, 31859.482679424807]}