{"dataset": ["obj20__25", "obj20__30", "obj20__35", "obj20__40", "obj20__45", "obj20__50", "obj20__55", "obj20__60", "obj20__65", "obj20__70", "obj20__75"], "result0": ["obj20__25", "obj20__30", "obj20__35", "obj20__40", "obj20__45", "obj20__50", "obj20__55", "obj20__60", "obj20__65", "obj20__70", "obj20__75"], "result1": [], "result2": [0.0, 4185.848894396861, 5641.230159527269, 6493.974475650141, 7086.995585886646, 7492.603854942668, 7435.316616785391, 7515.1100242567445, 7533.0231065967855, 7670.880576934538, 8261.595690118611], "result3": [0.0, 16045.221563206986, 24296.632368521765, 30385.48023972474, 33228.4214544259, 35744.83170289174, 38931.72353404015, 40282.08654096909, 40928.15088259429, 41668.2802754771, 42898.722723508254]}