{"dataset": ["obj21__0", "obj21__5", "obj21__10", "obj21__15", "obj21__20", "obj21__25", "obj21__30", "obj21__35", "obj21__40", "obj21__45"], "result0": ["obj21__0", "obj21__5", "obj21__10", "obj21__15", "obj21__20", "obj21__25", "obj21__30", "obj21__35", "obj21__40", "obj21__45"], "result1": [], "result2": [0.0, 1938.146276496644, 2158.7885923335266, 2580.5651717128194, 3020.9177443642825, 4698.266095772779, 5701.6064010198825, 8142.830065009847, 8618.592828838242, 11095.462882006788], "result3": [0.0, 11107.400565225631, 18397.750876741484, 24017.682689459994, 29463.19025220722, 33794.138725467026, 36866.557284250855, 38764.52867456898, 39797.49215978943, 41141.05546434596]}