{"dataset": ["obj28__5", "obj28__10", "obj28__15", "obj28__20", "obj28__25", "obj28__30", "obj28__35", "obj28__40", "obj28__45", "obj28__50", "obj28__55"], "result0": ["obj28__5", "obj28__10", "obj28__15", "obj28__20", "obj28__25", "obj28__30", "obj28__35", "obj28__40", "obj28__45", "obj28__50", "obj28__55"], "result1": [], "result2": [0.0, 4591.950830263365, 5583.132288227614, 5951.151152436438, 6533.702618676898, 6874.42245867674, 9678.158277250577, 9988.334750340764, 10198.577641853124, 9574.15849029459, 10040.165100056745], "result3": [0.0, 18340.353865439072, 25015.616651931778, 28707.093785868958, 32926.32417923771, 35078.385997045785, 37048.462357921526, 38043.20158072561, 38852.86106122099, 38837.43892280385, 39495.40530107543]}