{"dataset": ["obj29__250", "obj29__255", "obj29__260", "obj29__265", "obj29__270", "obj29__275", "obj29__280", "obj29__285", "obj29__290", "obj29__295", "obj29__300"], "result0": ["obj29__250", "obj29__255", "obj29__260", "obj29__265", "obj29__270", "obj29__275", "obj29__280", "obj29__285", "obj29__290", "obj29__295", "obj29__300"], "result1": [], "result2": [0.0, 4043.747364742232, 5623.730191278334, 6106.691357559608, 6512.913266927127, 6813.103355889057, 7226.227178603534, 7103.886994188454, 6865.209573345805, 6629.604035590268, 7415.631151127718], "result3": [0.0, 21863.28241765499, 37657.319076756015, 42409.91721761413, 44535.70936698094, 47286.20787435584, 49635.70819010213, 51894.76749831997, 48491.87885577977, 51299.8701075688, 58656.80447369255]}