{"dataset": ["obj22__185", "obj22__190", "obj22__195", "obj22__200", "obj22__205", "obj22__210", "obj22__215", "obj22__220", "obj22__225", "obj22__230", "obj22__235"], "result0": ["obj22__185", "obj22__190", "obj22__195", "obj22__200", "obj22__205", "obj22__210", "obj22__215", "obj22__220", "obj22__225", "obj22__230", "obj22__235"], "result1": [], "result2": [0.0, 1600.0958584630685, 2672.88426228538, 3672.505878434852, 4204.897572601787, 5326.828902202749, 5876.7967616220885, 6268.1800355739115, 7115.902184229319, 7412.589255646247, 7415.723673985883], "result3": [0.0, 14218.174671562389, 19069.780078476295, 23992.357813904062, 31014.858958752826, 37945.26679251902, 44214.77880132198, 48457.82019603811, 51064.82542107627, 53618.70615953021, 55968.56004310958]}