{"dataset": ["obj29__305", "obj29__310", "obj29__315", "obj29__320", "obj29__325", "obj29__330", "obj29__335", "obj29__340", "obj29__345", "obj29__350", "obj29__355"], "result0": ["obj29__305", "obj29__310", "obj29__315", "obj29__320", "obj29__325", "obj29__330", "obj29__335", "obj29__340", "obj29__345", "obj29__350", "obj29__355"], "result1": [], "result2": [0.0, 4488.7054896496, 6079.545130306542, 6640.1398304876475, 6968.374271294095, 6853.08378661433, 6943.904695243486, 7197.1269757693935, 7017.752003218455, 7110.729930168279, 7080.149022200873], "result3": [0.0, 32744.53719879873, 43352.2953663487, 48774.76656502485, 53592.10035039671, 54262.15886525251, 56467.227649163455, 56636.6603644751, 57823.705913588405, 59255.45720857754, 59633.00755979493]}