{"dataset": ["obj21__160", "obj21__165", "obj21__170", "obj21__175", "obj21__180", "obj21__185", "obj21__190", "obj21__195", "obj21__200", "obj21__205", "obj21__210"], "result0": ["obj21__160", "obj21__165", "obj21__170", "obj21__175", "obj21__180", "obj21__185", "obj21__190", "obj21__195", "obj21__200", "obj21__205", "obj21__210"], "result1": [], "result2": [0.0, 2602.328977975998, 5106.375625816324, 5671.108108016646, 6007.214829596182, 6134.333119123904, 6226.919315141316, 6283.264751637386, 6095.1996792102855, 5865.601496205686, 5889.057750714077], "result3": [0.0, 15097.287283306941, 28413.45838606544, 33169.06052293815, 35887.284233439714, 37403.47443383001, 38834.09325260483, 40678.583659790456, 41845.678990427405, 42555.62819466181, 43284.9554013405]}