{"dataset": ["obj26__175", "obj26__180", "obj26__185", "obj26__190", "obj26__195", "obj26__200", "obj26__205", "obj26__210", "obj26__215", "obj26__220", "obj26__225"], "result0": ["obj26__175", "obj26__180", "obj26__185", "obj26__190", "obj26__195", "obj26__200", "obj26__205", "obj26__210", "obj26__215", "obj26__220", "obj26__225"], "result1": [], "result2": [0.0, 2359.236357987784, 3134.601861918016, 3453.276199694545, 3722.2189039818372, 3965.512837769455, 4177.566001343674, 4390.889483616327, 4248.981940877723, 4479.921105507646, 4575.710110910697], "result3": [0.0, 13972.407551607117, 18139.183448607102, 21067.019973149523, 23260.815701564774, 24870.742423789576, 26883.496097978204, 27945.58911764808, 28956.56922562048, 28958.70387257822, 29006.07673143968]}