{"dataset": ["obj29__30", "obj29__35", "obj29__40", "obj29__45", "obj29__50", "obj29__55", "obj29__60", "obj29__65", "obj29__70", "obj29__75", "obj29__80"], "result0": ["obj29__30", "obj29__35", "obj29__40", "obj29__45", "obj29__50", "obj29__55", "obj29__60", "obj29__65", "obj29__70", "obj29__75", "obj29__80"], "result1": [], "result2": [0.0, 3429.7542147225136, 4723.228105054892, 5189.9818429663865, 5230.710511871499, 5003.835231935534, 5374.214867880695, 5167.079076270943, 5145.040200959547, 5373.809959856619, 5418.438270443429], "result3": [0.0, 31247.72861724347, 41837.37896669842, 43410.85417065583, 46374.41640960798, 43599.773557564244, 42744.0249995105, 43309.0077613499, 43902.05836639926, 45226.80208585411, 44985.3574085813]}