{"dataset": ["obj2__55", "obj2__60", "obj2__65", "obj2__70", "obj2__75", "obj2__80", "obj2__85", "obj2__90", "obj2__95", "obj2__100", "obj2__105"], "result0": ["obj2__55", "obj2__60", "obj2__65", "obj2__70", "obj2__75", "obj2__80", "obj2__85", "obj2__90", "obj2__95", "obj2__100", "obj2__105"], "result1": [], "result2": [0.0, 2798.3496631665907, 4190.661190809866, 4466.667866085704, 5524.422195913925, 5956.041877771509, 5955.2740430143185, 5870.965512403858, 6456.253806976631, 5945.872457483899, 6512.594100395456], "result3": [0.0, 7997.5448133051395, 12549.809284774587, 13907.123716793954, 15933.315995719284, 17484.41816837713, 18134.050210198388, 19189.280633494258, 19495.253061335534, 20349.6242135223, 21309.4237073157]}