{"dataset": ["obj29__0", "obj29__5", "obj29__10", "obj29__15", "obj29__20", "obj29__25"], "result0": ["obj29__0", "obj29__5", "obj29__10", "obj29__15", "obj29__20", "obj29__25"], "result1": [], "result2": [0.0, 3241.392812863428, 3845.849457090603, 4266.663765771384, 4432.248343961387, 4938.561906080964], "result3": [0.0, 36461.241866167635, 41980.391437359154, 44707.66758731939, 47128.38026369549, 48830.11850716174]}