{"dataset": ["obj2__165", "obj2__170", "obj2__175", "obj2__180", "obj2__185", "obj2__190", "obj2__195", "obj2__200", "obj2__205", "obj2__210", "obj2__215"], "result0": ["obj2__165", "obj2__170", "obj2__175", "obj2__180", "obj2__185", "obj2__190", "obj2__195", "obj2__200", "obj2__205", "obj2__210", "obj2__215"], "result1": [], "result2": [0.0, 3065.6684600983003, 3881.8943439290806, 4748.825457996461, 5650.313420846668, 5465.225249999542, 5885.136301412546, 7188.377379126735, 6980.833161768835, 6121.028535119423, 6732.634190626508], "result3": [0.0, 9438.836141452193, 11714.803407000378, 14295.992662474513, 16885.87922740914, 18400.462696215138, 20125.582093635574, 22207.136556746438, 21751.66645823978, 23722.523332292214, 23550.336355583742]}