{"dataset": ["obj27__200", "obj27__205", "obj27__210", "obj27__215", "obj27__220", "obj27__225", "obj27__230", "obj27__235", "obj27__240", "obj27__245", "obj27__250"], "result0": ["obj27__200", "obj27__205", "obj27__210", "obj27__215", "obj27__220", "obj27__225", "obj27__230", "obj27__235", "obj27__240", "obj27__245", "obj27__250"], "result1": [], "result2": [0.0, 3383.5585221542356, 4345.691503947177, 4726.452989435274, 5961.044313589051, 7062.410894686961, 8081.7327819399525, 9302.111034499887, 11107.085663638272, 11993.272632467872, 15282.055314531151], "result3": [0.0, 21168.88389575854, 28327.300118476152, 31910.487171107903, 37027.376520456746, 39361.700983434916, 42998.12841735035, 45833.13770262711, 50064.44122544676, 52804.343296185136, 57824.76081931591]}