{"dataset": ["obj25__95", "obj25__100", "obj25__105", "obj25__110", "obj25__115", "obj25__120", "obj25__125", "obj25__130", "obj25__135", "obj25__140", "obj25__145"], "result0": ["obj25__95", "obj25__100", "obj25__105", "obj25__110", "obj25__115", "obj25__120", "obj25__125", "obj25__130", "obj25__135", "obj25__140", "obj25__145"], "result1": [], "result2": [0.0, 3757.8579762545137, 3677.6709403238874, 4663.652822257149, 5028.472920828108, 6338.145930898627, 5096.085907857722, 5256.38487714164, 5528.070462376145, 5578.4468057513905, 5194.332209703181], "result3": [0.0, 12290.01873251237, 13843.246290324256, 15442.892666799948, 16273.981218414381, 20025.55040209368, 16757.804300734773, 16749.275212284178, 18069.519901746884, 17756.014502106234, 18060.733876809478]}