{"dataset": ["obj23__210", "obj23__215", "obj23__220", "obj23__225", "obj23__230", "obj23__235", "obj23__240", "obj23__245", "obj23__250", "obj23__255", "obj23__260"], "result0": ["obj23__210", "obj23__215", "obj23__220", "obj23__225", "obj23__230", "obj23__235", "obj23__240", "obj23__245", "obj23__250", "obj23__255", "obj23__260"], "result1": [], "result2": [0.0, 2413.100215952901, 4452.850005601981, 5898.218568240912, 7470.132634767474, 9178.6058264694, 11508.458600955333, 13925.027998013613, 16421.512699235333, 18969.580353441215, 21945.26138126305], "result3": [0.0, 15228.054292222485, 21080.471310779452, 27700.34165280871, 32458.16922879778, 39124.86712466739, 44088.837029853836, 48415.71200636029, 53061.76882894151, 56828.85108788498, 62812.28519189358]}