{"dataset": ["obj25__150", "obj25__155", "obj25__160", "obj25__165", "obj25__170", "obj25__175", "obj25__180", "obj25__185", "obj25__190", "obj25__195", "obj25__200"], "result0": ["obj25__150", "obj25__155", "obj25__160", "obj25__165", "obj25__170", "obj25__175", "obj25__180", "obj25__185", "obj25__190", "obj25__195", "obj25__200"], "result1": [], "result2": [0.0, 3802.604540559984, 4577.736282408018, 4767.710720445725, 4565.601122551396, 4616.04590613312, 4541.419460740051, 4962.360039584868, 5815.591084490219, 4955.947591744708, 5724.705117197969], "result3": [0.0, 13242.53053314425, 16702.67577630654, 16964.920515647158, 17973.765569740906, 17020.285238973796, 16940.200624227524, 16968.97988963686, 18042.960493331775, 18974.42001279816, 22511.312653448433]}