{"dataset": ["obj26__10", "obj26__15", "obj26__20", "obj26__25", "obj26__30", "obj26__35", "obj26__40", "obj26__45", "obj26__50", "obj26__55", "obj26__60"], "result0": ["obj26__10", "obj26__15", "obj26__20", "obj26__25", "obj26__30", "obj26__35", "obj26__40", "obj26__45", "obj26__50", "obj26__55", "obj26__60"], "result1": [], "result2": [0.0, 3432.5679321916864, 3965.5328252860613, 5388.210099182078, 5748.429632796779, 6044.52793477024, 5771.306454265398, 5155.033146661985, 5556.411546773321, 5531.183416238816, 6550.750438678582], "result3": [0.0, 23494.60064754635, 28506.294949658215, 34046.57719022408, 35606.237344976515, 36424.029511101544, 36584.01004042849, 33808.65194946341, 35204.57775480859, 35213.38975527324, 38819.35434350371]}