{"dataset": ["obj24__0", "obj24__5", "obj24__10"], "result0": ["obj24__0", "obj24__5", "obj24__10"], "result1": [], "result2": [0.0, 2072.8914361774528, 2552.768307253688], "result3": [0.0, 12423.041812162846, 16074.775204865262]}