{"dataset": ["obj23__265", "obj23__270", "obj23__275", "obj23__280", "obj23__285", "obj23__290", "obj23__295", "obj23__300", "obj23__305", "obj23__310", "obj23__315"], "result0": ["obj23__265", "obj23__270", "obj23__275", "obj23__280", "obj23__285", "obj23__290", "obj23__295", "obj23__300", "obj23__305", "obj23__310", "obj23__315"], "result1": [], "result2": [0.0, 9268.005547131645, 9081.385381820543, 8773.320539134595, 12917.989355757449, 14905.759537354317, 17202.828246172576, 19568.037357070323, 20528.551722059587, 21704.335198266643, 22676.43413182492], "result3": [0.0, 49405.08031455241, 60266.507486196235, 59219.135017236695, 63333.57349964231, 65688.03547667898, 66732.57909640484, 67275.68584571965, 67352.20915045775, 67475.93123469315, 67513.34786324762]}