{"dataset": ["obj2__0", "obj2__5", "obj2__10", "obj2__15", "obj2__20", "obj2__25", "obj2__30", "obj2__35", "obj2__40", "obj2__45", "obj2__50"], "result0": ["obj2__0", "obj2__5", "obj2__10", "obj2__15", "obj2__20", "obj2__25", "obj2__30", "obj2__35", "obj2__40", "obj2__45", "obj2__50"], "result1": [], "result2": [0.0, 2230.5960976520246, 3290.858231659817, 3787.49349592629, 4438.116046999763, 5347.171427270913, 5876.546633292978, 5904.873526827624, 6723.173389434697, 6913.118375789353, 7217.532074815867], "result3": [0.0, 9621.478947905824, 12308.682177316397, 13457.121260341257, 16089.391468817368, 16285.578468477353, 21141.396275049075, 21934.746981358156, 21988.962819444016, 25023.081305470318, 25806.48004757613]}