{"dataset": ["obj21__105", "obj21__110", "obj21__115", "obj21__120", "obj21__125", "obj21__130", "obj21__135", "obj21__140", "obj21__145", "obj21__150", "obj21__155"], "result0": ["obj21__105", "obj21__110", "obj21__115", "obj21__120", "obj21__125", "obj21__130", "obj21__135", "obj21__140", "obj21__145", "obj21__150", "obj21__155"], "result1": [], "result2": [0.0, 11587.599604060048, 14722.819124135582, 16787.072750480496, 19172.6589797353, 20392.031234935796, 21432.175712453263, 22442.820792588842, 23178.595311962486, 24527.38155701134, 24678.494968026844], "result3": [0.0, 40184.1116244439, 47206.917799836025, 50411.90432723984, 53055.46071251668, 53744.444545939565, 54320.26591757685, 54809.67809509486, 55109.37586662546, 55527.06357695535, 55673.57216239162]}