{"dataset": ["obj29__140", "obj29__145", "obj29__150", "obj29__155", "obj29__160", "obj29__165", "obj29__170", "obj29__175", "obj29__180", "obj29__185", "obj29__190"], "result0": ["obj29__140", "obj29__145", "obj29__150", "obj29__155", "obj29__160", "obj29__165", "obj29__170", "obj29__175", "obj29__180", "obj29__185", "obj29__190"], "result1": [], "result2": [0.0, 3235.4460884539653, 4973.238362311083, 4142.610290257897, 5471.6300731481715, 5547.300390482807, 5604.493182632288, 5981.423399122433, 5598.644616319937, 5937.424413748769, 6830.995055031219], "result3": [0.0, 20865.90891326219, 27902.05987741612, 30547.549258908257, 36062.31865359098, 38053.24382630922, 38586.09541307017, 40400.74242427759, 41284.07942148298, 42097.258191622794, 45316.16784185544]}