{"dataset": ["obj2__110", "obj2__115", "obj2__120", "obj2__125", "obj2__130", "obj2__135", "obj2__140", "obj2__145", "obj2__150", "obj2__155", "obj2__160"], "result0": ["obj2__110", "obj2__115", "obj2__120", "obj2__125", "obj2__130", "obj2__135", "obj2__140", "obj2__145", "obj2__150", "obj2__155", "obj2__160"], "result1": [], "result2": [0.0, 3185.715434912581, 4874.354643915124, 5572.428091397135, 5213.875458315819, 5370.7767857641065, 5863.339200311997, 6932.13940110098, 7024.752986168694, 7107.0715355015245, 8696.214696316943], "result3": [0.0, 8511.10144572705, 11811.898883054033, 14539.199615480378, 15867.518410872668, 16769.952141566202, 19856.991231234744, 21956.796868305653, 23274.76185721904, 23906.626316504553, 25552.120417773724]}