{"dataset": ["obj25__260", "obj25__265", "obj25__270", "obj25__275", "obj25__280", "obj25__285", "obj25__290", "obj25__295", "obj25__300", "obj25__305", "obj25__310"], "result0": ["obj25__260", "obj25__265", "obj25__270", "obj25__275", "obj25__280", "obj25__285", "obj25__290", "obj25__295", "obj25__300", "obj25__305", "obj25__310"], "result1": [], "result2": [0.0, 4918.982042013231, 4585.118685210038, 5210.803302810417, 5148.437629981608, 5055.022226705911, 4719.89789417233, 5275.965801953157, 5158.104789213741, 5568.601415766325, 5315.735560395805], "result3": [0.0, 16919.902971940115, 15112.719822507352, 15949.853412790224, 16213.593055941164, 16986.960873579606, 16626.4683701694, 17131.23825832829, 18154.693882122636, 19647.605372043326, 19793.053444495425]}