{"dataset": ["obj21__50", "obj21__55", "obj21__60", "obj21__65", "obj21__70", "obj21__75", "obj21__80", "obj21__85", "obj21__90", "obj21__95", "obj21__100"], "result0": ["obj21__50", "obj21__55", "obj21__60", "obj21__65", "obj21__70", "obj21__75", "obj21__80", "obj21__85", "obj21__90", "obj21__95", "obj21__100"], "result1": [], "result2": [0.0, 5754.439372770335, 9085.163401602716, 13082.712492469404, 17667.935709949015, 22269.16049200201, 21734.753024132264, 21676.763266366288, 21717.66558905062, 21765.106801861108, 21742.205808489165], "result3": [0.0, 21473.97992866859, 30863.52117059566, 37479.45659309439, 43468.21248026937, 48017.28734306246, 47477.1945471745, 48233.080783767626, 48945.275376031175, 49401.08014083281, 50617.82707143575]}