{"dataset": ["obj27__35", "obj27__40", "obj27__45", "obj27__50", "obj27__55", "obj27__60", "obj27__65", "obj27__70", "obj27__75", "obj27__80", "obj27__85"], "result0": ["obj27__35", "obj27__40", "obj27__45", "obj27__50", "obj27__55", "obj27__60", "obj27__65", "obj27__70", "obj27__75", "obj27__80", "obj27__85"], "result1": [], "result2": [0.0, 3068.0044216249225, 3998.875627323178, 4588.258019491809, 6782.92171822024, 7349.974752852779, 9698.634539637842, 11996.320625916278, 14344.978376086048, 16880.033163860684, 21656.701032469224], "result3": [0.0, 15673.148657597601, 24255.129649460316, 29036.25660958886, 33670.62861015648, 37813.19839231856, 42271.40148451179, 50271.810052288696, 56595.71313558705, 54462.06972364709, 58515.91207698174]}