{"dataset": ["obj23__100", "obj23__105", "obj23__110", "obj23__115", "obj23__120", "obj23__125", "obj23__130", "obj23__135", "obj23__140", "obj23__145", "obj23__150"], "result0": ["obj23__100", "obj23__105", "obj23__110", "obj23__115", "obj23__120", "obj23__125", "obj23__130", "obj23__135", "obj23__140", "obj23__145", "obj23__150"], "result1": [], "result2": [0.0, 6154.197066709623, 8362.381072632548, 10807.679177545097, 13133.842041915612, 13662.803781696768, 14316.16046402733, 15892.022443554839, 15715.833331752112, 15719.41557628328, 15953.237752416697], "result3": [0.0, 30490.30956465192, 39379.46722447686, 44331.05471626669, 47002.89914348908, 48298.10122216679, 49531.95998232812, 50623.85329791531, 51649.72905690223, 53047.95562531985, 55384.49678017199]}