{"dataset": ["obj20__0", "obj20__5", "obj20__10", "obj20__15", "obj20__20"], "result0": ["obj20__0", "obj20__5", "obj20__10", "obj20__15", "obj20__20"], "result1": [], "result2": [0.0, 3132.633800867375, 4549.118494213572, 6848.8621633633375, 7839.6838707196], "result3": [0.0, 17955.801352508366, 28108.74954422377, 32668.453948525712, 36398.22497303784]}