{"dataset": ["obj27__90", "obj27__95", "obj27__100", "obj27__105", "obj27__110", "obj27__115", "obj27__120", "obj27__125", "obj27__130", "obj27__135", "obj27__140"], "result0": ["obj27__90", "obj27__95", "obj27__100", "obj27__105", "obj27__110", "obj27__115", "obj27__120", "obj27__125", "obj27__130", "obj27__135", "obj27__140"], "result1": [], "result2": [0.0, 5642.369292866678, 8537.139438408853, 12650.676176358993, 15523.554038205406, 17760.03137395256, 19772.5344068905, 21497.819823334798, 22327.527528885028, 23301.3461115524, 24279.178649745652], "result3": [0.0, 35872.22653245926, 48588.081285512075, 55094.02763403021, 59300.36069242284, 63473.669504204765, 65459.13128352724, 64867.90214250982, 67072.15422664583, 66760.24976441637, 67628.04489691928]}