{"dataset": ["obj28__280", "obj28__285", "obj28__290", "obj28__295", "obj28__300", "obj28__305", "obj28__310", "obj28__315", "obj28__320", "obj28__325", "obj28__330"], "result0": ["obj28__280", "obj28__285", "obj28__290", "obj28__295", "obj28__300", "obj28__305", "obj28__310", "obj28__315", "obj28__320", "obj28__325", "obj28__330"], "result1": [], "result2": [0.0, 2630.5045115332605, 3617.241988907729, 3567.3089373629127, 4931.27558568016, 5486.824239415585, 6014.075997388285, 6195.9406334385185, 7581.346177708647, 8169.073439404296, 7251.893895892136], "result3": [0.0, 17143.07055482082, 24894.32415954396, 28403.1689737197, 29525.97789137438, 30814.191993512213, 32079.934309680015, 31979.6553239543, 32559.326326487586, 32522.344183301553, 32161.802626704797]}