{"dataset": ["obj24__290", "obj24__295", "obj24__300", "obj24__305", "obj24__310", "obj24__315", "obj24__320", "obj24__325", "obj24__330", "obj24__335", "obj24__340"], "result0": ["obj24__290", "obj24__295", "obj24__300", "obj24__305", "obj24__310", "obj24__315", "obj24__320", "obj24__325", "obj24__330", "obj24__335", "obj24__340"], "result1": [], "result2": [0.0, 2061.780254423247, 2347.625809600059, 2696.893108982449, 3177.267482225158, 3231.7013410405843, 3361.877423414223, 3581.8757804596894, 3575.962449961146, 3956.708379975807, 3956.223995449067], "result3": [0.0, 10697.381112283096, 14381.167240800336, 16075.995604256168, 17437.926460444927, 19050.983957378194, 19293.010047458112, 21024.806493865326, 20122.01554249786, 20922.78022075817, 22649.118250273168]}