{"dataset": ["obj25__40", "obj25__45", "obj25__50", "obj25__55", "obj25__60", "obj25__65", "obj25__70", "obj25__75", "obj25__80", "obj25__85", "obj25__90"], "result0": ["obj25__40", "obj25__45", "obj25__50", "obj25__55", "obj25__60", "obj25__65", "obj25__70", "obj25__75", "obj25__80", "obj25__85", "obj25__90"], "result1": [], "result2": [0.0, 3775.458992267259, 4999.2967001428015, 4499.316534864574, 5018.67450164107, 6141.830447225101, 5666.736126096582, 5931.449006647159, 6651.107307395888, 6380.520175357999, 7005.2174338208815], "result3": [0.0, 11567.36708731018, 12283.447274560109, 13077.032091282308, 14645.680437207222, 17490.93673559837, 16129.131248848513, 16255.373904662207, 19529.566395500675, 18460.679198900238, 20612.438479475677]}