{"dataset": ["obj28__170", "obj28__175", "obj28__180", "obj28__185", "obj28__190", "obj28__195", "obj28__200", "obj28__205", "obj28__210", "obj28__215", "obj28__220"], "result0": ["obj28__170", "obj28__175", "obj28__180", "obj28__185", "obj28__190", "obj28__195", "obj28__200", "obj28__205", "obj28__210", "obj28__215", "obj28__220"], "result1": [], "result2": [0.0, 4185.5497823234955, 4878.909040470082, 5010.277409495215, 5084.470414895636, 5102.026412454117, 4968.1433613349545, 5169.521469244704, 5336.744827443503, 5378.698798700139, 5178.318128251583], "result3": [0.0, 15860.79854528606, 22558.187176419422, 23713.57606211491, 25609.933018811047, 26763.10078578256, 26971.03858168423, 28396.37678329274, 28822.09646240063, 29368.284591533244, 29857.51413934864]}