{"dataset": ["obj22__240", "obj22__245", "obj22__250", "obj22__255", "obj22__260", "obj22__265", "obj22__270", "obj22__275", "obj22__280", "obj22__285", "obj22__290"], "result0": ["obj22__240", "obj22__245", "obj22__250", "obj22__255", "obj22__260", "obj22__265", "obj22__270", "obj22__275", "obj22__280", "obj22__285", "obj22__290"], "result1": [], "result2": [0.0, 3062.0837687396793, 4131.834804435806, 4027.6674170196065, 4424.825494886484, 4622.091322434595, 4921.7700790263725, 4580.146606528708, 4497.855476433277, 4407.551597972228, 4591.67494463186], "result3": [0.0, 13797.227909494191, 20250.324050284922, 25331.440341521055, 28033.31701250188, 33530.085363650694, 37578.75894668326, 39841.033122001216, 39683.68396258168, 43128.54328476451, 44126.69704159722]}