{"dataset": ["obj24__15", "obj24__20", "obj24__25", "obj24__30", "obj24__35", "obj24__40", "obj24__45", "obj24__50", "obj24__55", "obj24__60", "obj24__65"], "result0": ["obj24__15", "obj24__20", "obj24__25", "obj24__30", "obj24__35", "obj24__40", "obj24__45", "obj24__50", "obj24__55", "obj24__60", "obj24__65"], "result1": [], "result2": [0.0, 2691.952634765747, 2542.1306385849334, 3296.366865055598, 2994.187409747675, 3305.1087379478536, 3279.8331820571843, 3456.9882647906516, 3555.6186122618874, 3537.6405901051926, 3625.4409853577476], "result3": [0.0, 16113.747874638066, 17120.529401334003, 20644.477433418855, 19566.585484100506, 20946.370174137875, 21170.973959723487, 22795.46682793647, 23018.42894789204, 21500.353784406558, 23194.71078857407]}