{"dataset": ["obj20__300", "obj20__305", "obj20__310", "obj20__315", "obj20__320", "obj20__325", "obj20__330", "obj20__335", "obj20__340", "obj20__345", "obj20__350"], "result0": ["obj20__300", "obj20__305", "obj20__310", "obj20__315", "obj20__320", "obj20__325", "obj20__330", "obj20__335", "obj20__340", "obj20__345", "obj20__350"], "result1": [], "result2": [0.0, 3578.415928220578, 4816.626049062876, 5907.064070910196, 7502.153478663652, 5776.300732374655, 5903.03806778746, 6210.381625156576, 7291.123769785733, 8200.794705143848, 8705.748872474014], "result3": [0.0, 17091.245637005195, 24362.091065051034, 29881.487697994336, 34367.28833915666, 36973.31609189324, 38371.86629766971, 39910.963380107656, 40772.93681064434, 41278.427411627024, 41263.48456385732]}