{"dataset": ["obj21__270", "obj21__275", "obj21__280", "obj21__285", "obj21__290", "obj21__295", "obj21__300", "obj21__305", "obj21__310", "obj21__315", "obj21__320"], "result0": ["obj21__270", "obj21__275", "obj21__280", "obj21__285", "obj21__290", "obj21__295", "obj21__300", "obj21__305", "obj21__310", "obj21__315", "obj21__320"], "result1": [], "result2": [0.0, 6080.992297785921, 7397.582680387397, 12882.54161372384, 18790.91513210148, 20021.664021640772, 20818.10417833812, 21286.56258531741, 21668.52963568843, 22293.466827400855, 22728.893705006085], "result3": [0.0, 37661.52733251266, 48913.26328768954, 56237.7805527132, 63250.40339885093, 62845.256107063964, 61846.93051015772, 60874.5268283207, 60494.19654548727, 60073.0633440502, 59442.90510773286]}