{"dataset": ["obj28__225", "obj28__230", "obj28__235", "obj28__240", "obj28__245", "obj28__250", "obj28__255", "obj28__260", "obj28__265", "obj28__270", "obj28__275"], "result0": ["obj28__225", "obj28__230", "obj28__235", "obj28__240", "obj28__245", "obj28__250", "obj28__255", "obj28__260", "obj28__265", "obj28__270", "obj28__275"], "result1": [], "result2": [0.0, 3826.3972168863734, 5995.340212969716, 6452.432261519134, 6578.499499682586, 8256.399605936225, 8720.017257425905, 8654.94743923916, 8693.374487009834, 8609.694348699995, 8707.802032774478], "result3": [0.0, 21149.581783572212, 29304.751331089064, 32841.75750776194, 34642.69558482431, 35647.73324974626, 36477.4625935331, 37228.1649521105, 36339.31875250116, 35427.76731937751, 34569.31148418598]}