{"dataset": ["obj2__220", "obj2__225", "obj2__230", "obj2__235", "obj2__240", "obj2__245", "obj2__250", "obj2__255", "obj2__260", "obj2__265", "obj2__270"], "result0": ["obj2__220", "obj2__225", "obj2__230", "obj2__235", "obj2__240", "obj2__245", "obj2__250", "obj2__255", "obj2__260", "obj2__265", "obj2__270"], "result1": [], "result2": [0.0, 2930.164814706314, 4048.2475727909177, 4852.073581402715, 5167.075778388173, 5722.273174583699, 5744.083176281721, 5921.44817053697, 5937.395883529675, 6488.584268420435, 6713.636600000639], "result3": [0.0, 9591.445147179067, 14070.08101977408, 16187.874589771032, 18057.670268282294, 20107.72530309297, 21387.824196619913, 21330.330710927024, 22887.823117831722, 22560.914849657565, 23377.54947871156]}