{"dataset": ["obj26__65", "obj26__70", "obj26__75", "obj26__80", "obj26__85", "obj26__90", "obj26__95", "obj26__100", "obj26__105", "obj26__110", "obj26__115"], "result0": ["obj26__65", "obj26__70", "obj26__75", "obj26__80", "obj26__85", "obj26__90", "obj26__95", "obj26__100", "obj26__105", "obj26__110", "obj26__115"], "result1": [], "result2": [0.0, 3364.323328392101, 3589.6302975438302, 3728.2175783007197, 4128.816721167839, 4628.122332395895, 4402.867481058246, 4704.20749517612, 4800.602137057799, 4811.29691776786, 5188.052735837224], "result3": [0.0, 14408.612854836509, 16698.66427820921, 18034.780405683443, 19006.760314868763, 21365.500319598243, 20954.019075559452, 23830.704921947792, 23375.83102990687, 25369.67382028699, 26313.779191914946]}