{"dataset": ["obj22__130", "obj22__135", "obj22__140", "obj22__145", "obj22__150", "obj22__155", "obj22__160", "obj22__165", "obj22__170", "obj22__175", "obj22__180"], "result0": ["obj22__130", "obj22__135", "obj22__140", "obj22__145", "obj22__150", "obj22__155", "obj22__160", "obj22__165", "obj22__170", "obj22__175", "obj22__180"], "result1": [], "result2": [0.0, 1955.8513904885506, 4642.684953520321, 5085.1640608260595, 5175.611165107241, 5653.135229940538, 6801.812649819396, 6982.568374611846, 7203.769212370678, 7550.125443286168, 7769.033463111131], "result3": [0.0, 18423.77331155725, 29410.919977400452, 38834.29746911116, 43990.37617312744, 48756.8177509103, 52938.583856852725, 56116.2933086399, 57753.456492969766, 60540.88106571324, 60528.77081909776]}