{"dataset": ["obj22__295", "obj22__300", "obj22__305", "obj22__310", "obj22__315", "obj22__320", "obj22__325", "obj22__330", "obj22__335", "obj22__340", "obj22__345"], "result0": ["obj22__295", "obj22__300", "obj22__305", "obj22__310", "obj22__315", "obj22__320", "obj22__325", "obj22__330", "obj22__335", "obj22__340", "obj22__345"], "result1": [], "result2": [0.0, 2048.580667276364, 4434.273433634186, 5342.03707301465, 5691.051879740489, 7407.571605117325, 7745.141233938408, 7967.887641920021, 7937.978500213141, 8837.007892687836, 8834.007324520275], "result3": [0.0, 16845.751592589542, 35145.946533633396, 47118.33525344543, 55674.68721027486, 60993.42777371593, 64982.62235141732, 68301.37288808264, 70158.21245765127, 71679.78264942952, 73010.14167861454]}