{"dataset": ["obj27__0", "obj27__5", "obj27__10", "obj27__15", "obj27__20", "obj27__25", "obj27__30"], "result0": ["obj27__0", "obj27__5", "obj27__10", "obj27__15", "obj27__20", "obj27__25", "obj27__30"], "result1": [], "result2": [0.0, 2383.660412698181, 2898.7283906780344, 3245.8096143482685, 3489.8322895925135, 3591.99398786018, 3653.2399281246544], "result3": [0.0, 19286.03005587496, 25230.461562378332, 29864.32908817567, 32584.781049523503, 34728.94497044757, 35979.56054579094]}