{"dataset": ["obj23__45", "obj23__50", "obj23__55", "obj23__60", "obj23__65", "obj23__70", "obj23__75", "obj23__80", "obj23__85", "obj23__90", "obj23__95"], "result0": ["obj23__45", "obj23__50", "obj23__55", "obj23__60", "obj23__65", "obj23__70", "obj23__75", "obj23__80", "obj23__85", "obj23__90", "obj23__95"], "result1": [], "result2": [0.0, 2536.0476626611876, 4175.80610136916, 6157.946636374388, 7061.669910747812, 9152.102748050567, 11683.265361098789, 14698.476945746168, 17296.81735378337, 20840.351171101633, 19841.128198003404], "result3": [0.0, 13360.311866665259, 22171.951900158077, 28175.27151639387, 33259.38185572997, 38596.383540295064, 40714.81617005728, 43760.65633085184, 47251.42105560936, 52361.172104649246, 50671.30125223473]}