{"dataset": ["obj26__120", "obj26__125", "obj26__130", "obj26__135", "obj26__140", "obj26__145", "obj26__150", "obj26__155", "obj26__160", "obj26__165", "obj26__170"], "result0": ["obj26__120", "obj26__125", "obj26__130", "obj26__135", "obj26__140", "obj26__145", "obj26__150", "obj26__155", "obj26__160", "obj26__165", "obj26__170"], "result1": [], "result2": [0.0, 2454.1600427927033, 2771.5868428525405, 3385.2737530635104, 3660.046400396775, 4122.289314245187, 4286.68233510209, 4136.575090447235, 5087.751899333995, 5519.716862637614, 5524.1344921070095], "result3": [0.0, 12606.825515607372, 15873.454208213836, 19481.355176093057, 22106.11132406816, 24746.49655264616, 26217.035497602075, 28014.245156208053, 33452.52532796562, 34256.84949686006, 34420.94937403686]}