{"dataset": ["obj29__85", "obj29__90", "obj29__95", "obj29__100", "obj29__105", "obj29__110", "obj29__115", "obj29__120", "obj29__125", "obj29__130", "obj29__135"], "result0": ["obj29__85", "obj29__90", "obj29__95", "obj29__100", "obj29__105", "obj29__110", "obj29__115", "obj29__120", "obj29__125", "obj29__130", "obj29__135"], "result1": [], "result2": [0.0, 4510.143750071403, 3570.2641194516577, 3653.839960483322, 3794.5592719841197, 4188.103966905162, 4637.840523604824, 5211.632563411595, 5165.586072844671, 5431.992935627398, 5365.932983827091], "result3": [0.0, 29772.278595600277, 25372.490081768483, 29061.713921891525, 30885.36685615219, 32976.48122032173, 34769.012893758714, 37811.89442131668, 38177.683194205165, 38704.03871016204, 38980.077545138076]}