{"dataset": ["obj27__145", "obj27__150", "obj27__155", "obj27__160", "obj27__165", "obj27__170", "obj27__175", "obj27__180", "obj27__185", "obj27__190", "obj27__195"], "result0": ["obj27__145", "obj27__150", "obj27__155", "obj27__160", "obj27__165", "obj27__170", "obj27__175", "obj27__180", "obj27__185", "obj27__190", "obj27__195"], "result1": [], "result2": [0.0, 2890.068971807782, 4470.100066462007, 5398.655609306373, 5684.536947263066, 5696.683061482294, 5871.953832753308, 5750.838956966665, 5887.417592340213, 5979.615374733428, 5762.36108637407], "result3": [0.0, 21319.678646333516, 29188.610997145995, 34320.32895001024, 37709.62612149678, 40511.0911919605, 42155.29847263172, 45756.678419554606, 45531.35256270319, 45794.30974797346, 47023.786582114175]}