{"dataset": ["obj22__20", "obj22__25", "obj22__30", "obj22__35", "obj22__40", "obj22__45", "obj22__50", "obj22__55", "obj22__60", "obj22__65", "obj22__70"], "result0": ["obj22__20", "obj22__25", "obj22__30", "obj22__35", "obj22__40", "obj22__45", "obj22__50", "obj22__55", "obj22__60", "obj22__65", "obj22__70"], "result1": [], "result2": [0.0, 3442.959545722784, 4523.36187206062, 5682.040481428539, 6277.636614542811, 6296.786507828245, 7082.1273708142635, 7350.172539062744, 7859.102970972893, 9250.286344148386, 9233.975532193455], "result3": [0.0, 33493.14958033338, 44696.83375721425, 52481.10668305494, 60792.213136153296, 60136.122232854366, 62818.01670788042, 65204.712345436215, 66092.40603785962, 67689.57648283057, 68181.11663700826]}