{"dataset": ["obj32__75", "obj32__80", "obj32__85", "obj32__90", "obj32__95", "obj32__100", "obj32__105", "obj32__110", "obj32__115", "obj32__120", "obj32__125"], "result0": ["obj32__75", "obj32__80", "obj32__85", "obj32__90", "obj32__95", "obj32__100", "obj32__105", "obj32__110", "obj32__115", "obj32__120", "obj32__125"], "result1": [], "result2": [0.0, 4253.178452944141, 4483.165158547849, 3923.5238581925923, 4482.422878224344, 5282.7796181659605, 5389.817598426776, 5196.307583074013, 5861.560349504997, 5838.056462383179, 6656.403463259023], "result3": [0.0, 30833.758788997307, 34833.61000959389, 34311.982780182734, 36445.89869599976, 38441.90852320008, 38128.94729181938, 39269.13403904997, 39275.580930439755, 40839.77324671857, 41325.375906324014]}