{"dataset": ["obj39__250", "obj39__255", "obj39__260", "obj39__265", "obj39__270", "obj39__275", "obj39__280", "obj39__285", "obj39__290", "obj39__295", "obj39__300"], "result0": ["obj39__250", "obj39__255", "obj39__260", "obj39__265", "obj39__270", "obj39__275", "obj39__280", "obj39__285", "obj39__290", "obj39__295", "obj39__300"], "result1": [], "result2": [0.0, 5011.701820060215, 7799.54298924035, 9758.955410941571, 10837.25720588689, 9180.123612038546, 7422.627833958174, 7139.251855976573, 7591.656094323381, 10084.279759328196, 10605.066623629074], "result3": [0.0, 33795.69322833978, 48006.88857055642, 58269.93856683187, 65161.78778191656, 68445.21979078092, 69160.273736706, 70182.82723053358, 73661.50049049594, 75965.48423946649, 80098.37622274831]}