{"dataset": ["obj31__270", "obj31__275", "obj31__280", "obj31__285", "obj31__290", "obj31__295", "obj31__300", "obj31__305", "obj31__310", "obj31__315", "obj31__320"], "result0": ["obj31__270", "obj31__275", "obj31__280", "obj31__285", "obj31__290", "obj31__295", "obj31__300", "obj31__305", "obj31__310", "obj31__315", "obj31__320"], "result1": [], "result2": [0.0, 8901.976648612392, 13799.212946002046, 16149.066194567855, 18354.066736488676, 19073.8513765595, 19219.154428111626, 19319.927682573514, 19118.930772291085, 19516.29460142714, 19384.377292722813], "result3": [0.0, 65980.44770738855, 85502.7577120103, 104253.69237674586, 117934.22380780987, 126594.58143990487, 128997.8526056055, 129158.8983167857, 129693.68952589668, 130585.13322854787, 130853.6977296602]}