{"dataset": ["obj32__240", "obj32__245", "obj32__250", "obj32__255", "obj32__260", "obj32__265", "obj32__270", "obj32__275", "obj32__280", "obj32__285", "obj32__290"], "result0": ["obj32__240", "obj32__245", "obj32__250", "obj32__255", "obj32__260", "obj32__265", "obj32__270", "obj32__275", "obj32__280", "obj32__285", "obj32__290"], "result1": [], "result2": [0.0, 3969.689646613123, 5304.423228548031, 5422.342924561379, 5915.535674883572, 6706.917256961765, 6466.515263735477, 6568.244114918419, 6579.919132975911, 7240.04035395797, 6894.660530047266], "result3": [0.0, 27358.108513219282, 37252.91648332775, 41532.35492958501, 47961.77465652302, 56052.918805142865, 52584.67099099979, 55232.352963598445, 57750.808350933716, 64874.39220359549, 60358.97311784886]}