{"dataset": ["obj37__0", "obj37__5", "obj37__10", "obj37__15", "obj37__20", "obj37__25", "obj37__30"], "result0": ["obj37__0", "obj37__5", "obj37__10", "obj37__15", "obj37__20", "obj37__25", "obj37__30"], "result1": [], "result2": [0.0, 5050.3268549938775, 7729.986782004353, 8093.881428172536, 8779.049274395278, 7949.377845382697, 8373.651497588671], "result3": [0.0, 43406.87808047235, 62904.193269582465, 71348.43118158914, 73488.85801485181, 73438.48586724326, 73782.26145728491]}