{"dataset": ["obj39__85", "obj39__90", "obj39__95", "obj39__100", "obj39__105", "obj39__110", "obj39__115", "obj39__120", "obj39__125", "obj39__130", "obj39__135"], "result0": ["obj39__85", "obj39__90", "obj39__95", "obj39__100", "obj39__105", "obj39__110", "obj39__115", "obj39__120", "obj39__125", "obj39__130", "obj39__135"], "result1": [], "result2": [0.0, 4024.167639823632, 5196.840367624701, 7756.837682534948, 10046.696062093546, 11195.34449097417, 13373.869336975335, 14033.096959838442, 16274.590705120087, 17599.83918234297, 17957.085695884416], "result3": [0.0, 29353.265325890854, 39840.25264045596, 45159.76610032655, 50514.15890780464, 56427.4570931606, 60516.17285511643, 62137.614447703585, 67322.0271859765, 69399.37252483517, 69366.97213300318]}