{"dataset": ["obj33__100", "obj33__105", "obj33__110", "obj33__115", "obj33__120", "obj33__125", "obj33__130", "obj33__135", "obj33__140", "obj33__145", "obj33__150"], "result0": ["obj33__100", "obj33__105", "obj33__110", "obj33__115", "obj33__120", "obj33__125", "obj33__130", "obj33__135", "obj33__140", "obj33__145", "obj33__150"], "result1": [], "result2": [0.0, 1196.6941361237289, 1612.9142189272422, 3054.3251801864385, 3954.1597183239637, 4530.436806913795, 4927.761910609756, 6532.494240164535, 6970.985634381138, 7211.587531318437, 8909.547866394196], "result3": [0.0, 7553.278022103012, 10799.725892942399, 16509.538522604853, 22520.70422983542, 26409.850331965834, 30492.090611621737, 32128.000481821597, 34712.781989105046, 36074.69793280028, 37080.510563950986]}