{"dataset": ["obj31__50", "obj31__55", "obj31__60", "obj31__65", "obj31__70", "obj31__75", "obj31__80", "obj31__85", "obj31__90", "obj31__95", "obj31__100"], "result0": ["obj31__50", "obj31__55", "obj31__60", "obj31__65", "obj31__70", "obj31__75", "obj31__80", "obj31__85", "obj31__90", "obj31__95", "obj31__100"], "result1": [], "result2": [0.0, 6279.254151008261, 8697.346213036695, 12073.230313743836, 13702.342333742077, 14342.456179252533, 16696.536655730713, 18259.754206185582, 19114.85071542634, 17211.08569550215, 15745.987415545873], "result3": [0.0, 57526.44839798659, 82451.20354305021, 95757.29333978705, 109901.07546931691, 118861.11470275372, 121007.33342587203, 126446.87778701447, 126657.93456752412, 121832.35935601778, 124268.61919499747]}