{"dataset": ["obj38__170", "obj38__175", "obj38__180", "obj38__185", "obj38__190", "obj38__195", "obj38__200", "obj38__205", "obj38__210", "obj38__215", "obj38__220"], "result0": ["obj38__170", "obj38__175", "obj38__180", "obj38__185", "obj38__190", "obj38__195", "obj38__200", "obj38__205", "obj38__210", "obj38__215", "obj38__220"], "result1": [], "result2": [0.0, 1737.83485311505, 2561.932503013894, 2853.9111697949, 2980.6367106429457, 3118.0694298268468, 2664.5074095101363, 2620.2860071388995, 3488.28385931894, 4928.424367587472, 5418.493604503146], "result3": [0.0, 8975.600047973916, 12252.306632624939, 14243.555869704112, 15433.729674896225, 16406.761479496956, 17308.465043459088, 18124.701261011884, 18934.917593387887, 19108.558816757053, 19812.775405431166]}