{"dataset": ["obj36__230", "obj36__235", "obj36__240", "obj36__245", "obj36__250", "obj36__255", "obj36__260", "obj36__265", "obj36__270", "obj36__275", "obj36__280"], "result0": ["obj36__230", "obj36__235", "obj36__240", "obj36__245", "obj36__250", "obj36__255", "obj36__260", "obj36__265", "obj36__270", "obj36__275", "obj36__280"], "result1": [], "result2": [0.0, 4773.4901106168345, 6034.1344957507745, 7575.352855414486, 7602.966368289482, 7760.231194033874, 7887.630669234851, 8870.977602133813, 8550.527697221802, 8696.587006037265, 8694.674868400782], "result3": [0.0, 13564.140354897827, 17754.176805969328, 20457.541138993576, 21371.28612744063, 22100.924638401717, 22526.53749751672, 23100.87261051871, 23342.341135377064, 23892.31837133877, 24675.86408644356]}