{"dataset": ["obj37__35", "obj37__40", "obj37__45", "obj37__50", "obj37__55", "obj37__60", "obj37__65", "obj37__70", "obj37__75", "obj37__80", "obj37__85"], "result0": ["obj37__35", "obj37__40", "obj37__45", "obj37__50", "obj37__55", "obj37__60", "obj37__65", "obj37__70", "obj37__75", "obj37__80", "obj37__85"], "result1": [], "result2": [0.0, 3999.8221393487015, 5226.1645223458345, 5525.240943615464, 6915.872246843736, 7520.489422095652, 8857.552850871914, 10140.197345651828, 11707.140432821745, 15626.848377219872, 17484.606236491825], "result3": [0.0, 35566.90511934087, 51055.27242331207, 58705.653398219496, 65863.69864551909, 66941.41343667358, 68771.44320950843, 73430.22245596163, 76308.3926347401, 82806.5789015498, 89194.55908632278]}