{"dataset": ["obj35__260", "obj35__265", "obj35__270", "obj35__275", "obj35__280", "obj35__285", "obj35__290", "obj35__295", "obj35__300", "obj35__305", "obj35__310"], "result0": ["obj35__260", "obj35__265", "obj35__270", "obj35__275", "obj35__280", "obj35__285", "obj35__290", "obj35__295", "obj35__300", "obj35__305", "obj35__310"], "result1": [], "result2": [0.0, 910.0351389468351, 1221.1203319689216, 1154.855030683277, 1376.51593600054, 1401.930390003864, 1612.4231425665193, 1708.2334515790926, 1884.935739797566, 1814.2909217518281, 2035.5615851273346], "result3": [0.0, 5033.192726187408, 6694.189160827547, 6803.385672722012, 7682.332332892343, 10018.112847082317, 13044.061030576006, 13614.741280365735, 12158.460226936266, 13134.78645711951, 13501.77743371576]}