{"dataset": ["obj35__0", "obj35__5", "obj35__10", "obj35__15", "obj35__20", "obj35__25", "obj35__30", "obj35__35"], "result0": ["obj35__0", "obj35__5", "obj35__10", "obj35__15", "obj35__20", "obj35__25", "obj35__30", "obj35__35"], "result1": [], "result2": [0.0, 1913.545586480701, 1876.8678424769791, 1881.3903007710974, 1657.6020792128074, 1764.5732657719338, 1660.8600135788458, 1585.6256251349514], "result3": [0.0, 12215.41465951316, 12239.60954985395, 12592.088238248602, 12743.006063470617, 12828.21360361576, 13194.275177059695, 13047.202327379957]}