{"dataset": ["obj36__65", "obj36__70", "obj36__75", "obj36__80", "obj36__85", "obj36__90", "obj36__95", "obj36__100", "obj36__105", "obj36__110", "obj36__115"], "result0": ["obj36__65", "obj36__70", "obj36__75", "obj36__80", "obj36__85", "obj36__90", "obj36__95", "obj36__100", "obj36__105", "obj36__110", "obj36__115"], "result1": [], "result2": [0.0, 4792.4399601874475, 5575.217257154557, 5840.497837575006, 5836.209573555052, 6288.526198030807, 6157.297924539252, 6102.559105066404, 6520.559680944655, 6648.889101334819, 6517.622864352362], "result3": [0.0, 13679.055909276009, 17295.345062371343, 20207.60026471503, 21586.22461654991, 22106.83888426423, 22527.671673052013, 22979.199537185952, 24750.220887333155, 25963.975455246866, 26633.54487239942]}