{"dataset": ["obj30__135", "obj30__140", "obj30__145", "obj30__150", "obj30__155", "obj30__160", "obj30__165", "obj30__170", "obj30__175", "obj30__180", "obj30__185"], "result0": ["obj30__135", "obj30__140", "obj30__145", "obj30__150", "obj30__155", "obj30__160", "obj30__165", "obj30__170", "obj30__175", "obj30__180", "obj30__185"], "result1": [], "result2": [0.0, 3649.461029837633, 4430.547706533709, 4757.680733148151, 4675.181102324195, 5037.9947801605895, 5179.650584336898, 5052.268279557709, 5081.0432043483925, 5117.840477694346, 5191.0495701307855], "result3": [0.0, 23087.16931033507, 29875.36613238789, 30211.49353514798, 30366.642261574045, 31563.404541227967, 33000.28716297634, 34031.78764695488, 33562.834839941934, 34450.260303137824, 33880.37658205442]}