{"dataset": ["obj35__95", "obj35__100", "obj35__105", "obj35__110", "obj35__115", "obj35__120", "obj35__125", "obj35__130", "obj35__135", "obj35__140", "obj35__145"], "result0": ["obj35__95", "obj35__100", "obj35__105", "obj35__110", "obj35__115", "obj35__120", "obj35__125", "obj35__130", "obj35__135", "obj35__140", "obj35__145"], "result1": [], "result2": [0.0, 818.1089515892185, 873.3362243240631, 1493.1517328554255, 1502.7004146153956, 1629.1323525600017, 1389.429030820047, 1458.5019453391244, 1841.8212959077282, 2087.1607789145064, 2011.7637515309502], "result3": [0.0, 5295.7523244749755, 6025.271100835875, 10395.029586872086, 11543.272777309641, 12051.186397019774, 11240.852324215695, 12304.280214285478, 13280.726159295067, 14710.381674479693, 14434.13865573518]}