{"dataset": ["obj38__5", "obj38__10", "obj38__15", "obj38__20", "obj38__25", "obj38__30", "obj38__35", "obj38__40", "obj38__45", "obj38__50", "obj38__55"], "result0": ["obj38__5", "obj38__10", "obj38__15", "obj38__20", "obj38__25", "obj38__30", "obj38__35", "obj38__40", "obj38__45", "obj38__50", "obj38__55"], "result1": [], "result2": [0.0, 1870.0757238925535, 2163.8228230830973, 2576.688930970472, 4277.183607916098, 5002.778508479321, 5785.235096987039, 7635.514905714238, 7964.29291175628, 10182.363606826997, 12531.468326227307], "result3": [0.0, 6755.055978927761, 9244.960014641285, 11911.201441008598, 14299.73076720722, 16221.364949630573, 17384.75706797652, 18783.3061483223, 19608.855123071, 20985.772531710565, 22455.80222433433]}