{"dataset": ["obj34__70", "obj34__75", "obj34__80", "obj34__85", "obj34__90", "obj34__95", "obj34__100", "obj34__105", "obj34__110", "obj34__115", "obj34__120"], "result0": ["obj34__70", "obj34__75", "obj34__80", "obj34__85", "obj34__90", "obj34__95", "obj34__100", "obj34__105", "obj34__110", "obj34__115", "obj34__120"], "result1": [], "result2": [0.0, 1872.4905510511346, 2547.5557643314814, 2576.9026204910947, 2640.6391447154224, 2460.0242338213634, 3839.372111646898, 3301.4163163890757, 3116.1047098468975, 3537.870705016195, 4123.276750089517], "result3": [0.0, 7087.849314730614, 9338.771303679794, 10590.985532445833, 11410.012282859534, 12741.755923803896, 12700.999784007668, 12233.959239531308, 12405.638505354524, 12825.988633194938, 13983.692878704518]}