{"dataset": ["obj39__0", "obj39__5", "obj39__10", "obj39__15", "obj39__20", "obj39__25"], "result0": ["obj39__0", "obj39__5", "obj39__10", "obj39__15", "obj39__20", "obj39__25"], "result1": [], "result2": [0.0, 5277.538396856398, 6571.995470137808, 7030.055361685894, 7707.777895339703, 8510.560076560734], "result3": [0.0, 51235.94431553222, 69390.38388061337, 79632.81503050402, 84881.25465096906, 86887.69432725385]}