{"dataset": ["obj39__30", "obj39__35", "obj39__40", "obj39__45", "obj39__50", "obj39__55", "obj39__60", "obj39__65", "obj39__70", "obj39__75", "obj39__80"], "result0": ["obj39__30", "obj39__35", "obj39__40", "obj39__45", "obj39__50", "obj39__55", "obj39__60", "obj39__65", "obj39__70", "obj39__75", "obj39__80"], "result1": [], "result2": [0.0, 4752.33777903265, 7939.038983570338, 8644.840912290705, 10594.728639022542, 11213.018194694954, 12894.77196112196, 13137.451170145265, 14899.731857045845, 16247.855609296406, 18070.71870938246], "result3": [0.0, 36459.230232834816, 57669.84070650488, 68202.51657871343, 74983.2316903919, 77679.07339118235, 81110.70455775969, 83505.52080021612, 84615.1688334588, 85728.40973494202, 84884.9822569061]}