{"dataset": ["obj39__305", "obj39__310", "obj39__315", "obj39__320", "obj39__325", "obj39__330", "obj39__335", "obj39__340", "obj39__345", "obj39__350", "obj39__355"], "result0": ["obj39__305", "obj39__310", "obj39__315", "obj39__320", "obj39__325", "obj39__330", "obj39__335", "obj39__340", "obj39__345", "obj39__350", "obj39__355"], "result1": [], "result2": [0.0, 6488.703812869117, 9233.79289417264, 10990.066978089752, 12114.76357627044, 12219.59963321268, 12394.455113499185, 12967.060019550452, 14036.156944543676, 14106.832035544903, 13919.697917319398], "result3": [0.0, 42779.16044623777, 64523.78502463177, 79515.75796413794, 91384.902942352, 97530.27001330443, 102333.7703209985, 104155.02579681017, 106840.84794019908, 108808.26545650326, 109759.8787996564]}