{"dataset": ["obj37__255", "obj37__260", "obj37__265", "obj37__270", "obj37__275", "obj37__280", "obj37__285", "obj37__290", "obj37__295", "obj37__300", "obj37__305"], "result0": ["obj37__255", "obj37__260", "obj37__265", "obj37__270", "obj37__275", "obj37__280", "obj37__285", "obj37__290", "obj37__295", "obj37__300", "obj37__305"], "result1": [], "result2": [0.0, 9526.67113139222, 10958.574043316235, 13618.500721082108, 14545.449763637227, 13476.157412131803, 12609.659747818865, 10184.143302005605, 9483.603879355458, 10537.851895560725, 12614.974893256016], "result3": [0.0, 71768.11831371672, 81400.00720019825, 90178.25653251633, 91792.22967652604, 98507.8456571661, 102275.14651424438, 99800.57071288675, 99305.07199745625, 97868.66671908833, 96242.65180933848]}