{"dataset": ["obj30__25", "obj30__30", "obj30__35", "obj30__40", "obj30__45", "obj30__50", "obj30__55", "obj30__60", "obj30__65", "obj30__70", "obj30__75"], "result0": ["obj30__25", "obj30__30", "obj30__35", "obj30__40", "obj30__45", "obj30__50", "obj30__55", "obj30__60", "obj30__65", "obj30__70", "obj30__75"], "result1": [], "result2": [0.0, 4473.071534838736, 5554.000654729778, 5479.15232847224, 5739.056528510388, 6104.292572374222, 6281.538894455983, 5671.878779740764, 6038.25905373201, 5563.876397939045, 6480.634083023119], "result3": [0.0, 27245.833974640816, 35322.52532098815, 33679.18018853292, 34949.57248800807, 37632.26116985828, 38646.646837690845, 36659.78370179981, 36310.60458886251, 36055.94822346233, 40243.46157763712]}