{"dataset": ["obj34__0", "obj34__5", "obj34__10"], "result0": ["obj34__0", "obj34__5", "obj34__10"], "result1": [], "result2": [0.0, 2858.2359575867454, 3511.453317187203], "result3": [0.0, 8366.264722969383, 11789.069252030924]}