{"dataset": ["obj31__105", "obj31__110", "obj31__115", "obj31__120", "obj31__125", "obj31__130", "obj31__135", "obj31__140", "obj31__145", "obj31__150", "obj31__155"], "result0": ["obj31__105", "obj31__110", "obj31__115", "obj31__120", "obj31__125", "obj31__130", "obj31__135", "obj31__140", "obj31__145", "obj31__150", "obj31__155"], "result1": [], "result2": [0.0, 9063.904012981704, 11460.280712027221, 13866.921270802639, 15562.931822907498, 16668.061762059726, 17545.158313505766, 17658.223128155612, 18420.28432705622, 19361.18090997225, 19301.17446201051], "result3": [0.0, 82023.27210098132, 103125.59780484065, 112210.37413698807, 119388.02688089758, 121975.09375956282, 124239.76645319723, 126134.68062267639, 128258.57526145503, 130751.25696098246, 132554.63804595545]}