{"dataset": ["obj33__210", "obj33__215", "obj33__220", "obj33__225", "obj33__230", "obj33__235", "obj33__240", "obj33__245", "obj33__250", "obj33__255", "obj33__260"], "result0": ["obj33__210", "obj33__215", "obj33__220", "obj33__225", "obj33__230", "obj33__235", "obj33__240", "obj33__245", "obj33__250", "obj33__255", "obj33__260"], "result1": [], "result2": [0.0, 1615.580106691613, 3175.2890014603167, 4341.569005632914, 4419.222360788663, 5061.8314688595565, 6823.854823411555, 6465.430326040289, 6599.788704290102, 7042.667354458342, 7092.422457155176], "result3": [0.0, 12583.343718286604, 20688.575170382857, 23845.63118701242, 26335.95555861108, 28490.603019544855, 28406.08944149688, 29123.85114369355, 30038.393999051303, 30829.03714785166, 31592.78070235625]}