{"dataset": ["obj3__55", "obj3__60", "obj3__65", "obj3__70", "obj3__75", "obj3__80", "obj3__85", "obj3__90", "obj3__95", "obj3__100", "obj3__105"], "result0": ["obj3__55", "obj3__60", "obj3__65", "obj3__70", "obj3__75", "obj3__80", "obj3__85", "obj3__90", "obj3__95", "obj3__100", "obj3__105"], "result1": [], "result2": [0.0, 5754.300156523315, 8517.081178926072, 10072.427786204238, 12179.211950387691, 13282.6940074594, 14600.657531499619, 14725.29758795567, 13821.013157258978, 13712.264174073434, 12497.574553113318], "result3": [0.0, 26103.286803698167, 40585.814508497715, 47789.90029389039, 51680.659171832725, 51686.97143408656, 53256.764929814264, 53869.63030197285, 53947.429246613756, 54678.77971393801, 54090.75635764189]}