{"dataset": ["obj35__205", "obj35__210", "obj35__215", "obj35__220", "obj35__225", "obj35__230", "obj35__235", "obj35__240", "obj35__245", "obj35__250", "obj35__255"], "result0": ["obj35__205", "obj35__210", "obj35__215", "obj35__220", "obj35__225", "obj35__230", "obj35__235", "obj35__240", "obj35__245", "obj35__250", "obj35__255"], "result1": [], "result2": [0.0, 1085.4495610144452, 919.126482665708, 1133.2142424250383, 1534.0920362420031, 1117.5009622133477, 1149.9394074809325, 1324.8839727284071, 1289.6158792743013, 1657.2005466470926, 1556.8510717533218], "result3": [0.0, 5710.230656839907, 5486.967047672719, 5602.697686668485, 6833.800671774894, 7080.96184222959, 7749.307450115681, 8174.714348481968, 8355.165309382603, 8868.57460561581, 9463.939489670098]}