{"dataset": ["obj34__290", "obj34__295", "obj34__300", "obj34__305", "obj34__310", "obj34__315", "obj34__320", "obj34__325", "obj34__330", "obj34__335", "obj34__340"], "result0": ["obj34__290", "obj34__295", "obj34__300", "obj34__305", "obj34__310", "obj34__315", "obj34__320", "obj34__325", "obj34__330", "obj34__335", "obj34__340"], "result1": [], "result2": [0.0, 3842.6876822315717, 3623.719786114084, 3709.989175722617, 4213.344569378698, 4174.62441616684, 4044.24434797814, 4320.010970298069, 3871.7814882092557, 3810.2457472937504, 4451.222451315643], "result3": [0.0, 11239.442525599152, 13166.563579846174, 13243.470934128389, 15290.548728013411, 15099.886751003563, 15888.041994860396, 16047.64637875557, 15818.068418357521, 15848.958135319874, 15659.810628542677]}