{"dataset": ["obj3__0", "obj3__5", "obj3__10", "obj3__15", "obj3__20", "obj3__25", "obj3__30", "obj3__35", "obj3__40", "obj3__45", "obj3__50"], "result0": ["obj3__0", "obj3__5", "obj3__10", "obj3__15", "obj3__20", "obj3__25", "obj3__30", "obj3__35", "obj3__40", "obj3__45", "obj3__50"], "result1": [], "result2": [0.0, 3092.808205795509, 4341.466435986805, 5275.247589463826, 5411.13028181963, 6615.883157946989, 7698.025436316614, 8093.4376375662805, 9715.149682687466, 9832.051899765806, 11545.978217913667], "result3": [0.0, 18327.930296847597, 27946.413678236306, 34617.82123225555, 39462.10782195814, 42602.91216020472, 43623.88365255855, 45293.26746282913, 46816.46925485693, 47724.78253585473, 49077.95399957523]}