{"dataset": ["obj30__190", "obj30__195", "obj30__200", "obj30__205", "obj30__210", "obj30__215", "obj30__220", "obj30__225", "obj30__230", "obj30__235", "obj30__240"], "result0": ["obj30__190", "obj30__195", "obj30__200", "obj30__205", "obj30__210", "obj30__215", "obj30__220", "obj30__225", "obj30__230", "obj30__235", "obj30__240"], "result1": [], "result2": [0.0, 4342.190008651867, 4825.917907440061, 5539.741289342983, 5451.8246597656935, 5715.16936250688, 5763.914691954555, 5341.647479816913, 5879.493999457754, 6678.777510100226, 6179.170259475162], "result3": [0.0, 21977.127255605534, 31978.744922176003, 31253.413018919528, 31439.798212924972, 32838.20458072238, 34486.20919880271, 33063.41159588657, 34946.276436362416, 35580.104002917185, 33051.85599651374]}