{"dataset": ["obj38__225", "obj38__230", "obj38__235", "obj38__240", "obj38__245", "obj38__250", "obj38__255", "obj38__260", "obj38__265", "obj38__270", "obj38__275"], "result0": ["obj38__225", "obj38__230", "obj38__235", "obj38__240", "obj38__245", "obj38__250", "obj38__255", "obj38__260", "obj38__265", "obj38__270", "obj38__275"], "result1": [], "result2": [0.0, 3065.1553936086307, 6289.797418022592, 8418.84288618539, 10407.213721436647, 11674.146034577578, 13829.191514653334, 14974.746162024563, 16942.8713344352, 17390.592280784578, 17217.22432753242], "result3": [0.0, 9631.67578737624, 15506.050618363544, 18910.964079542086, 21212.65764690563, 23714.19100237079, 23951.12647902593, 24300.35370911844, 24910.229257011786, 25631.369302095845, 25663.199626561254]}