{"dataset": ["obj38__60", "obj38__65", "obj38__70", "obj38__75", "obj38__80", "obj38__85", "obj38__90", "obj38__95", "obj38__100", "obj38__105", "obj38__110"], "result0": ["obj38__60", "obj38__65", "obj38__70", "obj38__75", "obj38__80", "obj38__85", "obj38__90", "obj38__95", "obj38__100", "obj38__105", "obj38__110"], "result1": [], "result2": [0.0, 5160.1121925632315, 5904.349595830136, 8489.607463563583, 10463.94160818447, 11611.364511541029, 13722.355443306638, 13216.391930811496, 11575.43932181134, 10044.212187334213, 8873.32142214888], "result3": [0.0, 14236.031979126856, 19468.16706721671, 23138.558225458488, 25649.272302331403, 26930.563145603985, 27822.80363611318, 27656.368600623682, 26595.598232682794, 25893.622430466115, 26487.08023713529]}