{"dataset": ["obj36__120", "obj36__125", "obj36__130", "obj36__135", "obj36__140", "obj36__145", "obj36__150", "obj36__155", "obj36__160", "obj36__165", "obj36__170"], "result0": ["obj36__120", "obj36__125", "obj36__130", "obj36__135", "obj36__140", "obj36__145", "obj36__150", "obj36__155", "obj36__160", "obj36__165", "obj36__170"], "result1": [], "result2": [0.0, 4397.595466305119, 5354.9451311936955, 6889.323395888115, 8594.457384576872, 8191.156526571523, 6416.746287163709, 6667.254523395966, 5772.895492267325, 6402.754257018016, 6042.056527605008], "result3": [0.0, 15152.824655441567, 20789.23494726047, 24725.12316620536, 26232.099108638242, 25905.62426259555, 24847.906170712784, 24450.09743842669, 24018.99579039775, 23745.502074247226, 23233.638389231637]}