{"dataset": ["obj38__115", "obj38__120", "obj38__125", "obj38__130", "obj38__135", "obj38__140", "obj38__145", "obj38__150", "obj38__155", "obj38__160", "obj38__165"], "result0": ["obj38__115", "obj38__120", "obj38__125", "obj38__130", "obj38__135", "obj38__140", "obj38__145", "obj38__150", "obj38__155", "obj38__160", "obj38__165"], "result1": [], "result2": [0.0, 3382.1947691062896, 5949.11406005052, 7575.874465652381, 9272.46029648933, 10667.28058436047, 12130.85192044255, 13761.551356777822, 14656.356551089957, 15393.621952019643, 16761.442281826683], "result3": [0.0, 12514.685574438423, 17337.789242194965, 21387.13949874416, 23549.92259094864, 24289.423578539863, 26634.23168844357, 28198.51269334741, 28759.007652303204, 28921.443320894614, 28198.78070357442]}