{"dataset": ["obj39__195", "obj39__200", "obj39__205", "obj39__210", "obj39__215", "obj39__220", "obj39__225", "obj39__230", "obj39__235", "obj39__240", "obj39__245"], "result0": ["obj39__195", "obj39__200", "obj39__205", "obj39__210", "obj39__215", "obj39__220", "obj39__225", "obj39__230", "obj39__235", "obj39__240", "obj39__245"], "result1": [], "result2": [0.0, 5063.051471307267, 6575.930821366765, 7377.335054008528, 7939.37001410316, 9241.264141392048, 10126.030736417468, 11628.531626216178, 13023.637399688881, 13543.526092067093, 15557.435416721508], "result3": [0.0, 37079.69654576294, 50587.81278067082, 59290.09111096524, 67569.72495331615, 69753.20977045223, 74299.03584579006, 76840.35822601616, 80359.88798835874, 82661.5033129286, 83220.64579549804]}