{"dataset": ["obj34__15", "obj34__20", "obj34__25", "obj34__30", "obj34__35", "obj34__40", "obj34__45", "obj34__50", "obj34__55", "obj34__60", "obj34__65"], "result0": ["obj34__15", "obj34__20", "obj34__25", "obj34__30", "obj34__35", "obj34__40", "obj34__45", "obj34__50", "obj34__55", "obj34__60", "obj34__65"], "result1": [], "result2": [0.0, 2506.887059516854, 2651.498681748044, 2695.232572788028, 3893.740707104849, 3505.9830823826414, 3278.5657376207146, 3319.548237930026, 2530.4565568667304, 3892.2577936119633, 3400.100507681238], "result3": [0.0, 8161.556759357452, 10417.459918739274, 11246.758863609284, 14247.184129828587, 12604.494923923165, 12397.859371522442, 12178.227043461055, 12430.345489891246, 14200.345072539523, 13364.58036527969]}