{"dataset": ["obj32__295", "obj32__300", "obj32__305", "obj32__310", "obj32__315", "obj32__320", "obj32__325", "obj32__330", "obj32__335", "obj32__340", "obj32__345"], "result0": ["obj32__295", "obj32__300", "obj32__305", "obj32__310", "obj32__315", "obj32__320", "obj32__325", "obj32__330", "obj32__335", "obj32__340", "obj32__345"], "result1": [], "result2": [0.0, 3869.0764716058266, 4678.677588357525, 4923.912157462786, 5447.499780809647, 5887.053040934023, 5550.007214096179, 5833.738795707026, 6586.378492003474, 7034.871292092323, 6595.974467364181], "result3": [0.0, 32050.265373965725, 40764.285352963954, 44716.897763665766, 50155.50321807526, 53772.50261543691, 54226.57192606665, 56022.986709093675, 60479.31474141218, 63459.02668559924, 61469.210096240044]}