{"dataset": ["obj38__280", "obj38__285", "obj38__290", "obj38__295", "obj38__300", "obj38__305", "obj38__310", "obj38__315", "obj38__320", "obj38__325", "obj38__330"], "result0": ["obj38__280", "obj38__285", "obj38__290", "obj38__295", "obj38__300", "obj38__305", "obj38__310", "obj38__315", "obj38__320", "obj38__325", "obj38__330"], "result1": [], "result2": [0.0, 6369.590215421189, 7718.437848617515, 9387.316480130965, 11754.505826639548, 14002.870057718621, 14567.232953643204, 16319.720068771465, 17686.81579020533, 18648.34744518589, 19233.50017021756], "result3": [0.0, 16852.792000649497, 21501.46836079657, 23219.301535183564, 24541.76091675274, 25106.64143534191, 26253.233053529635, 27206.5324673187, 28069.304368710145, 29042.719790894538, 29327.983044676483]}