{"dataset": ["obj36__285", "obj36__290", "obj36__295", "obj36__300", "obj36__305", "obj36__310", "obj36__315", "obj36__320", "obj36__325", "obj36__330", "obj36__335"], "result0": ["obj36__285", "obj36__290", "obj36__295", "obj36__300", "obj36__305", "obj36__310", "obj36__315", "obj36__320", "obj36__325", "obj36__330", "obj36__335"], "result1": [], "result2": [0.0, 3850.069492577873, 4540.865603541247, 5203.505066148305, 5271.993282091175, 6534.8287857316955, 8254.822453388795, 8349.248335450311, 7322.612669769374, 6084.370698458889, 5930.590007585029], "result3": [0.0, 10198.907763611525, 15757.713649688289, 18902.409438870847, 21517.596869584173, 23293.376734932885, 25369.11553264782, 25978.4448911231, 25437.967379866168, 24754.012631906196, 24644.90729467757]}