{"dataset": ["obj30__80", "obj30__85", "obj30__90", "obj30__95", "obj30__100", "obj30__105", "obj30__110", "obj30__115", "obj30__120", "obj30__125", "obj30__130"], "result0": ["obj30__80", "obj30__85", "obj30__90", "obj30__95", "obj30__100", "obj30__105", "obj30__110", "obj30__115", "obj30__120", "obj30__125", "obj30__130"], "result1": [], "result2": [0.0, 4210.637637063056, 4775.772997386729, 4513.844811461792, 4873.441378790698, 4676.074616825392, 4831.931629057282, 5326.037095447805, 5362.94097271465, 5466.8077871160585, 5802.810153992902], "result3": [0.0, 26051.885331995785, 31092.61337499693, 33476.008977087215, 34222.99166012555, 33782.434022320434, 35473.407417489216, 34777.09734073281, 33321.800342151895, 33997.76434939541, 35594.50441390835]}