{"dataset": ["obj34__180", "obj34__185", "obj34__190", "obj34__195", "obj34__200", "obj34__205", "obj34__210", "obj34__215", "obj34__220", "obj34__225", "obj34__230"], "result0": ["obj34__180", "obj34__185", "obj34__190", "obj34__195", "obj34__200", "obj34__205", "obj34__210", "obj34__215", "obj34__220", "obj34__225", "obj34__230"], "result1": [], "result2": [0.0, 2675.570201184874, 3657.5570669644053, 3268.843571150094, 3783.3600080986657, 4077.7230985505594, 4111.668852518203, 3655.1179965783376, 4066.9619567833347, 3552.686403355426, 3661.9403399671855], "result3": [0.0, 9829.618125678971, 13614.820860654116, 13514.802665138617, 14610.014280086383, 16092.21485014446, 15831.522096997127, 15589.56444966793, 15541.50966861844, 15321.12788927555, 15351.470278851688]}