{"dataset": ["obj32__0", "obj32__5", "obj32__10", "obj32__15"], "result0": ["obj32__0", "obj32__5", "obj32__10", "obj32__15"], "result1": [], "result2": [0.0, 3771.626992805487, 5040.547560801939, 6297.506371390204], "result3": [0.0, 39718.92698431946, 44115.371992012486, 52162.76930440962]}