{"dataset": ["obj30__245", "obj30__250", "obj30__255", "obj30__260", "obj30__265", "obj30__270", "obj30__275", "obj30__280", "obj30__285", "obj30__290", "obj30__295"], "result0": ["obj30__245", "obj30__250", "obj30__255", "obj30__260", "obj30__265", "obj30__270", "obj30__275", "obj30__280", "obj30__285", "obj30__290", "obj30__295"], "result1": [], "result2": [0.0, 3710.2850745801215, 3740.024212087681, 4151.12477443262, 4559.603405238419, 4194.350802414161, 4544.396149498426, 4502.482851376861, 5186.729122317144, 4652.269789371127, 4648.191258952668], "result3": [0.0, 23327.405192475766, 30834.25061749108, 33027.31352032162, 33508.20795097947, 34628.34303391166, 35573.11894712597, 34961.64181993529, 35434.66304891743, 35589.75502287783, 36485.33443261124]}