{"dataset": ["obj33__45", "obj33__50", "obj33__55", "obj33__60", "obj33__65", "obj33__70", "obj33__75", "obj33__80", "obj33__85", "obj33__90", "obj33__95"], "result0": ["obj33__45", "obj33__50", "obj33__55", "obj33__60", "obj33__65", "obj33__70", "obj33__75", "obj33__80", "obj33__85", "obj33__90", "obj33__95"], "result1": [], "result2": [0.0, 1551.0233000332667, 2394.2725093292165, 4222.676540971447, 4448.354684873952, 4857.383697599899, 5142.278149904504, 5210.614290013696, 5167.433528078524, 5007.575944199072, 5045.97300375582], "result3": [0.0, 9773.525949342176, 18195.167839206755, 22097.366866173223, 24404.87031215988, 27343.43204561621, 27277.845647562295, 26960.338106980547, 27761.21540651098, 30275.363285083324, 32696.78453405574]}