{"dataset": ["obj37__90", "obj37__95", "obj37__100", "obj37__105", "obj37__110", "obj37__115", "obj37__120", "obj37__125", "obj37__130", "obj37__135", "obj37__140"], "result0": ["obj37__90", "obj37__95", "obj37__100", "obj37__105", "obj37__110", "obj37__115", "obj37__120", "obj37__125", "obj37__130", "obj37__135", "obj37__140"], "result1": [], "result2": [0.0, 8773.25077369121, 10691.881647959812, 12917.036584413612, 15036.880126045977, 16694.42174897631, 17592.748639532634, 18241.383379033985, 18983.157924380917, 19635.155982267013, 19877.356175627643], "result3": [0.0, 66603.55760907568, 87070.83475381881, 96526.27264969423, 98558.71336523816, 99001.12145444751, 101263.96018688194, 101575.2336009983, 102418.36383096501, 102737.17177531868, 102215.62112499587]}