{"dataset": ["obj37__145", "obj37__150", "obj37__155", "obj37__160", "obj37__165", "obj37__170", "obj37__175", "obj37__180", "obj37__185", "obj37__190", "obj37__195"], "result0": ["obj37__145", "obj37__150", "obj37__155", "obj37__160", "obj37__165", "obj37__170", "obj37__175", "obj37__180", "obj37__185", "obj37__190", "obj37__195"], "result1": [], "result2": [0.0, 4359.360085996518, 5774.79863209662, 6219.854410649004, 6758.664168927622, 6268.909628268584, 6469.135555882217, 6351.494963667626, 6407.695589360967, 6564.536614506154, 6568.278928387346], "result3": [0.0, 34359.882237270474, 55060.74671921879, 66545.52757166326, 71342.61076570861, 76506.57464009523, 79392.73323009908, 82847.7714134045, 80546.24206084944, 76240.08934142254, 73064.86753106304]}