{"dataset": ["obj36__0", "obj36__5"], "result0": ["obj36__0", "obj36__5"], "result1": [], "result2": [0.0, 2286.997099255155], "result3": [0.0, 8905.933403758332]}