{"dataset": ["obj3__110", "obj3__115", "obj3__120", "obj3__125", "obj3__130", "obj3__135", "obj3__140", "obj3__145", "obj3__150", "obj3__155", "obj3__160"], "result0": ["obj3__110", "obj3__115", "obj3__120", "obj3__125", "obj3__130", "obj3__135", "obj3__140", "obj3__145", "obj3__150", "obj3__155", "obj3__160"], "result1": [], "result2": [0.0, 7479.1821280900385, 9508.168747982712, 10806.625634415474, 11281.005493047434, 12853.929112010703, 13288.089898976878, 14518.414982974564, 15125.458039415991, 15624.804500868455, 16808.566562655753], "result3": [0.0, 35747.57102418691, 42869.809302870184, 47532.056779330596, 49675.15522848442, 51526.243400296196, 52491.43102305196, 52688.56175531447, 53420.29908129573, 54713.43907370418, 54866.87587957643]}