{"dataset": ["obj34__125", "obj34__130", "obj34__135", "obj34__140", "obj34__145", "obj34__150", "obj34__155", "obj34__160", "obj34__165", "obj34__170", "obj34__175"], "result0": ["obj34__125", "obj34__130", "obj34__135", "obj34__140", "obj34__145", "obj34__150", "obj34__155", "obj34__160", "obj34__165", "obj34__170", "obj34__175"], "result1": [], "result2": [0.0, 3279.9401225795987, 3296.9600719266537, 3089.1368751379227, 3234.258843797494, 3848.0563636056927, 3283.231523643381, 3781.3988517361395, 3835.8808011154147, 4062.280995024322, 3640.7823871397327], "result3": [0.0, 8792.346108477563, 10353.469048760831, 12190.021780654788, 12860.136534603313, 14650.749398609623, 13443.189292024821, 14849.73811493069, 14512.821453692392, 14346.907803382725, 14201.52687786892]}