{"dataset": ["obj3__220", "obj3__225", "obj3__230", "obj3__235", "obj3__240", "obj3__245", "obj3__250", "obj3__255", "obj3__260", "obj3__265", "obj3__270"], "result0": ["obj3__220", "obj3__225", "obj3__230", "obj3__235", "obj3__240", "obj3__245", "obj3__250", "obj3__255", "obj3__260", "obj3__265", "obj3__270"], "result1": [], "result2": [0.0, 5832.192136766645, 8596.435692719826, 10086.365775075781, 10091.752467469203, 12459.284435827587, 13031.580381428379, 14771.06489980637, 14985.526803097759, 15217.075409092133, 15011.805506091081], "result3": [0.0, 28104.10498654656, 40118.742102650926, 43990.613506877795, 46667.14512659982, 50616.96286351606, 53090.68409920856, 53870.72364475764, 55623.545124405995, 56898.05020700395, 57339.93359639309]}