{"dataset": ["obj31__0", "obj31__5", "obj31__10", "obj31__15", "obj31__20", "obj31__25", "obj31__30", "obj31__35", "obj31__40", "obj31__45"], "result0": ["obj31__0", "obj31__5", "obj31__10", "obj31__15", "obj31__20", "obj31__25", "obj31__30", "obj31__35", "obj31__40", "obj31__45"], "result1": [], "result2": [0.0, 4352.294891323078, 5312.591351365444, 5477.98632623824, 6927.662955908043, 7777.332339153369, 8112.829125303949, 8562.32520946675, 10176.769984161141, 10616.988122782612], "result3": [0.0, 50178.95751528442, 72177.75640639663, 79330.6730366312, 84570.66739681922, 84851.29964958318, 88850.95728950202, 90586.31343792565, 93475.27327378467, 95913.60114651732]}