{"dataset": ["obj33__0", "obj33__5", "obj33__10", "obj33__15", "obj33__20", "obj33__25", "obj33__30", "obj33__35", "obj33__40"], "result0": ["obj33__0", "obj33__5", "obj33__10", "obj33__15", "obj33__20", "obj33__25", "obj33__30", "obj33__35", "obj33__40"], "result1": [], "result2": [0.0, 1789.3475395679347, 2448.8925519257464, 2809.941585085391, 3710.0158962254654, 4623.865798906717, 5025.779052441628, 5135.280296037332, 6328.802279793169], "result3": [0.0, 11758.680109899491, 17945.769439188763, 20581.983404772356, 27116.7112010289, 32395.578849174082, 35179.79450475611, 36919.67391008325, 37855.474764177576]}