{"dataset": ["obj3__275", "obj3__280", "obj3__285", "obj3__290", "obj3__295", "obj3__300", "obj3__305", "obj3__310", "obj3__315", "obj3__320", "obj3__325"], "result0": ["obj3__275", "obj3__280", "obj3__285", "obj3__290", "obj3__295", "obj3__300", "obj3__305", "obj3__310", "obj3__315", "obj3__320", "obj3__325"], "result1": [], "result2": [0.0, 6689.217814635833, 8589.856374847224, 10019.949592050732, 11452.017625427377, 12826.595483682315, 13611.938203291933, 14226.728003957049, 15638.633530195983, 16410.638908609522, 17186.778102121196], "result3": [0.0, 33058.05061173253, 46219.83358034678, 50317.58950431086, 54231.788649626076, 55424.18066188507, 56364.615559101105, 57164.139294628054, 57455.690686637536, 57833.342548569664, 58682.65897089802]}