{"dataset": ["obj39__140", "obj39__145", "obj39__150", "obj39__155", "obj39__160", "obj39__165", "obj39__170", "obj39__175", "obj39__180", "obj39__185", "obj39__190"], "result0": ["obj39__140", "obj39__145", "obj39__150", "obj39__155", "obj39__160", "obj39__165", "obj39__170", "obj39__175", "obj39__180", "obj39__185", "obj39__190"], "result1": [], "result2": [0.0, 5998.252541362553, 7459.019261684045, 8872.539206214038, 8898.138991542524, 8763.453248261658, 9472.010616601658, 9450.948198254877, 9387.811924055344, 9398.96743685126, 8841.182129190433], "result3": [0.0, 35879.100356303155, 48054.48812265694, 58295.85041426681, 65054.1463337969, 70273.66918177716, 74773.95769332163, 80296.05161154456, 80904.83655379899, 79723.72402578779, 76257.22197318636]}