{"dataset": ["obj37__200", "obj37__205", "obj37__210", "obj37__215", "obj37__220", "obj37__225", "obj37__230", "obj37__235", "obj37__240", "obj37__245", "obj37__250"], "result0": ["obj37__200", "obj37__205", "obj37__210", "obj37__215", "obj37__220", "obj37__225", "obj37__230", "obj37__235", "obj37__240", "obj37__245", "obj37__250"], "result1": [], "result2": [0.0, 4347.101195446428, 5249.729915281868, 6033.740358065167, 5883.9057021612925, 7378.195790456297, 8222.46484962197, 8883.443908442187, 11164.980927945333, 12413.821588458411, 13880.686929298994], "result3": [0.0, 34167.3306208998, 48596.029792299494, 57082.242315022275, 61004.24850560352, 64827.988760937005, 68991.73088875413, 72491.54706756026, 76026.40705246478, 78252.6788069196, 81878.0887039695]}