{"dataset": ["obj33__265", "obj33__270", "obj33__275", "obj33__280", "obj33__285", "obj33__290", "obj33__295", "obj33__300", "obj33__305", "obj33__310", "obj33__315"], "result0": ["obj33__265", "obj33__270", "obj33__275", "obj33__280", "obj33__285", "obj33__290", "obj33__295", "obj33__300", "obj33__305", "obj33__310", "obj33__315"], "result1": [], "result2": [0.0, 970.127885982741, 1477.6681424450433, 1607.1939407325212, 1979.2037765829411, 2655.5482865696454, 3987.239536979611, 4348.021199203589, 4801.684256344273, 5833.873278958813, 6586.464812466267], "result3": [0.0, 7420.986039690673, 10929.498735483736, 14261.219345016405, 17472.562060190365, 20470.73665909283, 23267.499013548717, 26292.56191065535, 30430.937296699733, 33927.11984905973, 35762.58611622453]}