{"dataset": ["obj36__10", "obj36__15", "obj36__20", "obj36__25", "obj36__30", "obj36__35", "obj36__40", "obj36__45", "obj36__50", "obj36__55", "obj36__60"], "result0": ["obj36__10", "obj36__15", "obj36__20", "obj36__25", "obj36__30", "obj36__35", "obj36__40", "obj36__45", "obj36__50", "obj36__55", "obj36__60"], "result1": [], "result2": [0.0, 2737.27618077135, 3066.7152023281083, 5060.4945852789215, 5061.996105501146, 6152.122373574125, 6931.812501022953, 6459.030845780042, 8081.217998887117, 6825.119620708879, 6454.267474601746], "result3": [0.0, 8964.187888078392, 12246.438488436863, 15956.446983613074, 17993.649225106463, 19778.780792830512, 21003.45799515769, 23094.53858935088, 24095.66911994107, 23581.0687162634, 23557.781807230785]}