{"dataset": ["obj32__20", "obj32__25", "obj32__30", "obj32__35", "obj32__40", "obj32__45", "obj32__50", "obj32__55", "obj32__60", "obj32__65", "obj32__70"], "result0": ["obj32__20", "obj32__25", "obj32__30", "obj32__35", "obj32__40", "obj32__45", "obj32__50", "obj32__55", "obj32__60", "obj32__65", "obj32__70"], "result1": [], "result2": [0.0, 4967.614843285248, 5433.645646370081, 5354.250570423775, 5302.224780140461, 6123.684346582477, 6119.994472612031, 6411.121338544184, 6229.131438769148, 5943.614089675798, 6211.502462352275], "result3": [0.0, 40360.89317094907, 45256.85997849889, 48395.23887443729, 50343.78255541064, 55145.6081522312, 55154.77634778805, 56747.92877498269, 56347.06790426187, 54513.85026413947, 54868.488366058096]}