{"dataset": ["obj32__185", "obj32__190", "obj32__195", "obj32__200", "obj32__205", "obj32__210", "obj32__215", "obj32__220", "obj32__225", "obj32__230", "obj32__235"], "result0": ["obj32__185", "obj32__190", "obj32__195", "obj32__200", "obj32__205", "obj32__210", "obj32__215", "obj32__220", "obj32__225", "obj32__230", "obj32__235"], "result1": [], "result2": [0.0, 4097.697843760872, 5042.587810776391, 5496.903749033393, 5510.909548296278, 5887.957684199419, 6684.597786217592, 6850.7895652898715, 6941.796849111245, 7141.595448626812, 7280.223608904863], "result3": [0.0, 23873.594228502363, 32654.88722717017, 38112.4274041187, 38440.44604292698, 41115.845102678984, 44894.501406895, 48109.09477613866, 50150.67596844211, 51615.373150771484, 56272.07399845868]}