{"dataset": ["obj31__160", "obj31__165", "obj31__170", "obj31__175", "obj31__180", "obj31__185", "obj31__190", "obj31__195", "obj31__200", "obj31__205", "obj31__210"], "result0": ["obj31__160", "obj31__165", "obj31__170", "obj31__175", "obj31__180", "obj31__185", "obj31__190", "obj31__195", "obj31__200", "obj31__205", "obj31__210"], "result1": [], "result2": [0.0, 4695.151347043703, 5532.908682640013, 7195.988068232382, 6835.790103289571, 6955.988554648653, 6604.830516629966, 6831.509984074814, 7243.199378752394, 8114.737469845483, 9070.561129974736], "result3": [0.0, 51465.324401965365, 75192.16673890501, 92734.01166683063, 100250.82586637326, 102953.81345396489, 99121.9097216595, 98532.19885194674, 99510.01258463599, 98122.29261692241, 97699.16963005997]}