{"dataset": ["obj34__235", "obj34__240", "obj34__245", "obj34__250", "obj34__255", "obj34__260", "obj34__265", "obj34__270", "obj34__275", "obj34__280", "obj34__285"], "result0": ["obj34__235", "obj34__240", "obj34__245", "obj34__250", "obj34__255", "obj34__260", "obj34__265", "obj34__270", "obj34__275", "obj34__280", "obj34__285"], "result1": [], "result2": [0.0, 2793.5703178720396, 3237.268993055438, 3032.153814059579, 3247.3487253132457, 3280.936247802596, 3083.5573194160716, 3014.9812457089974, 3389.8843861368146, 3574.0258518174155, 3438.4548342826547], "result3": [0.0, 8966.340049659833, 12122.147254761308, 12649.960558671504, 12821.916044754907, 13128.695840936154, 13640.79284805432, 14177.34068611078, 15650.724981114268, 15393.804115129635, 15026.916991880164]}