{"dataset": ["obj30__300", "obj30__305", "obj30__310", "obj30__315", "obj30__320", "obj30__325", "obj30__330", "obj30__335", "obj30__340", "obj30__345", "obj30__350"], "result0": ["obj30__300", "obj30__305", "obj30__310", "obj30__315", "obj30__320", "obj30__325", "obj30__330", "obj30__335", "obj30__340", "obj30__345", "obj30__350"], "result1": [], "result2": [0.0, 2990.9920596502784, 5390.677873412407, 4783.492222450809, 4965.7608839531185, 5134.021966740626, 4584.405786765972, 4648.149933160775, 4498.42631529202, 5161.112665041088, 5464.347034695004], "result3": [0.0, 24210.06910735555, 29897.409767635167, 31377.807389575988, 33263.53708626889, 33878.31642606482, 35102.21949078329, 36379.58218574338, 36162.66358860023, 37415.46213318594, 35111.54057476111]}