{"dataset": ["obj35__40", "obj35__45", "obj35__50", "obj35__55", "obj35__60", "obj35__65", "obj35__70", "obj35__75", "obj35__80", "obj35__85", "obj35__90"], "result0": ["obj35__40", "obj35__45", "obj35__50", "obj35__55", "obj35__60", "obj35__65", "obj35__70", "obj35__75", "obj35__80", "obj35__85", "obj35__90"], "result1": [], "result2": [0.0, 1037.3528000535623, 1044.682003938715, 1481.0874694954318, 1165.7783993480323, 1310.7268978286963, 1422.2676301845756, 1391.6428126387975, 1513.3960227884215, 1721.1737639178712, 2011.5124890484565], "result3": [0.0, 5056.010463738814, 5448.093717299402, 7470.9631346948445, 6735.3401301223785, 7629.750300232321, 8253.090878486633, 9011.504996521398, 10007.078934948891, 11660.547416038811, 11854.49716413021]}