{"dataset": ["obj33__155", "obj33__160", "obj33__165", "obj33__170", "obj33__175", "obj33__180", "obj33__185", "obj33__190", "obj33__195", "obj33__200", "obj33__205"], "result0": ["obj33__155", "obj33__160", "obj33__165", "obj33__170", "obj33__175", "obj33__180", "obj33__185", "obj33__190", "obj33__195", "obj33__200", "obj33__205"], "result1": [], "result2": [0.0, 2202.792336009572, 2880.039290920608, 3239.2149354077615, 3480.806032893771, 3509.6995251340645, 4046.934571623415, 3700.605214132646, 3787.1075379650733, 3845.2485491405328, 4788.588359053511], "result3": [0.0, 15680.542295787483, 20054.183913411573, 23200.4049654752, 26004.308376234025, 26945.394629361108, 28483.456090880558, 27921.753671297804, 26757.677081396803, 27142.898491317406, 29941.13394224085]}