{"dataset": ["obj35__150", "obj35__155", "obj35__160", "obj35__165", "obj35__170", "obj35__175", "obj35__180", "obj35__185", "obj35__190", "obj35__195", "obj35__200"], "result0": ["obj35__150", "obj35__155", "obj35__160", "obj35__165", "obj35__170", "obj35__175", "obj35__180", "obj35__185", "obj35__190", "obj35__195", "obj35__200"], "result1": [], "result2": [0.0, 860.4736266768217, 1260.8639404215203, 1069.3447969329868, 1362.3336463197677, 1332.0089604562468, 1664.6788213689306, 1771.7405946365832, 1839.4711422333985, 1963.1959535098367, 1902.041236453989], "result3": [0.0, 5052.899961313233, 8528.856749750674, 6857.698646968231, 8094.442465916276, 9566.634488373995, 12501.634944316, 13159.068041576073, 13453.998109111562, 14313.234570903704, 14828.352927999571]}