{"dataset": ["obj30__0", "obj30__5", "obj30__10", "obj30__15", "obj30__20"], "result0": ["obj30__0", "obj30__5", "obj30__10", "obj30__15", "obj30__20"], "result1": [], "result2": [0.0, 3776.3406711920247, 5395.807942879498, 4810.605730510199, 4653.2995214017055], "result3": [0.0, 24799.026380188763, 33285.023476915434, 31623.90827902034, 32352.055925955996]}