{"dataset": ["obj36__175", "obj36__180", "obj36__185", "obj36__190", "obj36__195", "obj36__200", "obj36__205", "obj36__210", "obj36__215", "obj36__220", "obj36__225"], "result0": ["obj36__175", "obj36__180", "obj36__185", "obj36__190", "obj36__195", "obj36__200", "obj36__205", "obj36__210", "obj36__215", "obj36__220", "obj36__225"], "result1": [], "result2": [0.0, 3642.894909198878, 3894.8978363948863, 4482.65905912271, 4778.116872598935, 4905.020371190213, 5457.1311790604095, 5280.844133978775, 5689.693043966958, 7017.8141417212255, 8010.483413682715], "result3": [0.0, 8643.211660092697, 11536.179819270968, 15539.438061982393, 19478.74188864045, 20753.05757991597, 22557.40820100531, 21782.912282837555, 21795.51958269067, 22871.631458032876, 23357.3606122192]}