{"dataset": ["obj31__215", "obj31__220", "obj31__225", "obj31__230", "obj31__235", "obj31__240", "obj31__245", "obj31__250", "obj31__255", "obj31__260", "obj31__265"], "result0": ["obj31__215", "obj31__220", "obj31__225", "obj31__230", "obj31__235", "obj31__240", "obj31__245", "obj31__250", "obj31__255", "obj31__260", "obj31__265"], "result1": [], "result2": [0.0, 4433.947047701271, 7750.721003981363, 9837.41172720076, 11202.008107907905, 13733.260231210781, 15415.94927006371, 16338.97876349382, 16926.04118910799, 17393.251503033563, 19425.4040658929], "result3": [0.0, 44712.151703856885, 61329.39427150227, 75447.2538158521, 88472.13684814423, 98158.53148025274, 105057.52966468222, 111631.11018274538, 114284.07781084068, 117283.39329134114, 119795.60818668455]}