{"dataset": ["obj3__165", "obj3__170", "obj3__175", "obj3__180", "obj3__185", "obj3__190", "obj3__195", "obj3__200", "obj3__205", "obj3__210", "obj3__215"], "result0": ["obj3__165", "obj3__170", "obj3__175", "obj3__180", "obj3__185", "obj3__190", "obj3__195", "obj3__200", "obj3__205", "obj3__210", "obj3__215"], "result1": [], "result2": [0.0, 3438.9496375570398, 4158.640398019439, 4808.118810174116, 4701.341882414957, 4820.3347423973055, 6339.474444301368, 6831.739560393699, 7549.834712312605, 9468.873696661472, 10217.931862833373], "result3": [0.0, 20782.27178120427, 29197.121178621426, 34842.26860137284, 37482.367017162964, 38397.73583721742, 40662.063931843266, 42283.3598271627, 42360.78305595182, 42928.03633932024, 45021.61668179929]}