{"dataset": ["obj32__130", "obj32__135", "obj32__140", "obj32__145", "obj32__150", "obj32__155", "obj32__160", "obj32__165", "obj32__170", "obj32__175", "obj32__180"], "result0": ["obj32__130", "obj32__135", "obj32__140", "obj32__145", "obj32__150", "obj32__155", "obj32__160", "obj32__165", "obj32__170", "obj32__175", "obj32__180"], "result1": [], "result2": [0.0, 2356.742219706941, 3751.5960285363344, 5057.37611376466, 4883.845437849387, 5388.877714834096, 4658.65132858844, 5845.910819513804, 6219.5825261838345, 6539.801924153847, 6645.402779538371], "result3": [0.0, 21398.170649101958, 30321.591335022822, 30344.99153578654, 33462.43315492943, 35904.33510403335, 36690.23267307319, 39598.9222419858, 42604.02833412029, 43914.571193115786, 46322.4228913337]}