{"dataset": ["obj41__270", "obj41__275", "obj41__280", "obj41__285", "obj41__290", "obj41__295", "obj41__300", "obj41__305", "obj41__310", "obj41__315", "obj41__320"], "result0": ["obj41__270", "obj41__275", "obj41__280", "obj41__285", "obj41__290", "obj41__295", "obj41__300", "obj41__305", "obj41__310", "obj41__315", "obj41__320"], "result1": [], "result2": [0.0, 4235.100752661449, 6970.135676355381, 8003.282758345667, 10566.206497259223, 11207.111474952757, 12797.20630951544, 14049.69208489434, 14987.64909977829, 14421.821001853823, 15089.166824008029], "result3": [0.0, 18986.86170720309, 27656.14696782641, 32887.24661643058, 35993.28899011575, 38349.29900413938, 41129.88546350971, 42343.76557104662, 44900.95728012547, 45753.11244422756, 45609.14667340368]}