{"dataset": ["obj45__0", "obj45__5", "obj45__10", "obj45__15", "obj45__20", "obj45__25", "obj45__30", "obj45__35"], "result0": ["obj45__0", "obj45__5", "obj45__10", "obj45__15", "obj45__20", "obj45__25", "obj45__30", "obj45__35"], "result1": [], "result2": [0.0, 5379.455226442333, 6606.542938414656, 7889.336314883542, 8282.298280429737, 8778.554062756799, 9346.016605580646, 10090.803078983798], "result3": [0.0, 36600.53334165551, 49279.13776792772, 56475.35425955802, 60129.997951604426, 63343.7148087956, 69570.2049040366, 76478.57270985097]}