{"dataset": ["obj44__235", "obj44__240", "obj44__245", "obj44__250", "obj44__255", "obj44__260", "obj44__265", "obj44__270", "obj44__275", "obj44__280", "obj44__285"], "result0": ["obj44__235", "obj44__240", "obj44__245", "obj44__250", "obj44__255", "obj44__260", "obj44__265", "obj44__270", "obj44__275", "obj44__280", "obj44__285"], "result1": [], "result2": [0.0, 5255.91655645767, 9781.829737147451, 13571.373534501692, 18745.283715267706, 22841.78147875255, 23375.767102963393, 23170.047923200473, 23620.42734543781, 23775.210393404886, 23651.93395848795], "result3": [0.0, 24170.01281205006, 39593.61173491925, 45831.62115637213, 53173.03389306925, 59348.93826760538, 60462.082288390025, 60749.66772234999, 60619.60374377482, 60452.93315549195, 60808.42262834497]}