{"dataset": ["obj41__105", "obj41__110", "obj41__115", "obj41__120", "obj41__125", "obj41__130", "obj41__135", "obj41__140", "obj41__145", "obj41__150", "obj41__155"], "result0": ["obj41__105", "obj41__110", "obj41__115", "obj41__120", "obj41__125", "obj41__130", "obj41__135", "obj41__140", "obj41__145", "obj41__150", "obj41__155"], "result1": [], "result2": [0.0, 4316.195463724033, 6573.909662350773, 8583.649335268898, 8845.87976052034, 9421.827488153187, 9056.101976070731, 9234.750309629688, 9100.579961227051, 9068.463188081278, 7571.370880613389], "result3": [0.0, 18634.90310704522, 29190.193644788116, 34026.76954803988, 37995.413127021864, 42429.02561536431, 43293.451654244214, 45268.965531239286, 45442.22152670473, 45155.78764330596, 44760.56437743083]}