{"dataset": ["obj4__55", "obj4__60", "obj4__65", "obj4__70", "obj4__75", "obj4__80", "obj4__85", "obj4__90", "obj4__95", "obj4__100", "obj4__105"], "result0": ["obj4__55", "obj4__60", "obj4__65", "obj4__70", "obj4__75", "obj4__80", "obj4__85", "obj4__90", "obj4__95", "obj4__100", "obj4__105"], "result1": [], "result2": [0.0, 3293.5705113538484, 4083.618768449326, 4230.996766665694, 4312.622407566551, 4537.063827425899, 4289.013419917824, 4812.014500498856, 4923.92356178957, 5322.854296686827, 5061.876120862416], "result3": [0.0, 8168.114600233734, 10748.587064996362, 12233.360339714214, 13264.363811569288, 14227.768635377288, 14532.82469192706, 14591.950814988464, 14938.086667528376, 14453.406681809574, 14525.095230611041]}