{"dataset": ["obj49__30", "obj49__35", "obj49__40", "obj49__45", "obj49__50", "obj49__55", "obj49__60", "obj49__65", "obj49__70", "obj49__75", "obj49__80"], "result0": ["obj49__30", "obj49__35", "obj49__40", "obj49__45", "obj49__50", "obj49__55", "obj49__60", "obj49__65", "obj49__70", "obj49__75", "obj49__80"], "result1": [], "result2": [0.0, 2738.4925282128643, 3194.2272677519895, 3628.5419182554742, 3899.6950122117223, 4191.4391857620285, 4618.111973889801, 4551.591813223517, 4552.499107739157, 4573.498650437879, 4319.807373382642], "result3": [0.0, 23759.67654180713, 29790.25659734197, 33303.561060315, 36473.25235646218, 38725.37547009066, 40971.61902082525, 42748.226731441915, 44807.11703266762, 47025.01823814586, 48750.075487054884]}