{"dataset": ["obj43__265", "obj43__270", "obj43__275", "obj43__280", "obj43__285", "obj43__290", "obj43__295", "obj43__300", "obj43__305", "obj43__310", "obj43__315"], "result0": ["obj43__265", "obj43__270", "obj43__275", "obj43__280", "obj43__285", "obj43__290", "obj43__295", "obj43__300", "obj43__305", "obj43__310", "obj43__315"], "result1": [], "result2": [0.0, 3788.204049631301, 4291.683596151513, 4939.087486929517, 4990.086168292752, 5020.73685635732, 5222.847949513245, 5221.083345106528, 5996.122683681872, 8350.916194476406, 10083.257833236534], "result3": [0.0, 25412.827275114134, 33710.45895376429, 38884.730784870684, 42383.59814088978, 45735.05356516689, 48251.78909540549, 49196.74233903922, 52144.47059734538, 57631.10596112907, 60350.99513951875]}