{"dataset": ["obj47__255", "obj47__260", "obj47__265", "obj47__270", "obj47__275", "obj47__280", "obj47__285", "obj47__290", "obj47__295", "obj47__300", "obj47__305"], "result0": ["obj47__255", "obj47__260", "obj47__265", "obj47__270", "obj47__275", "obj47__280", "obj47__285", "obj47__290", "obj47__295", "obj47__300", "obj47__305"], "result1": [], "result2": [0.0, 2402.9879289557844, 2677.412649764725, 2542.3357213975937, 2812.8897058156285, 2847.2583046753502, 2998.4583869853077, 3073.455323026071, 3233.2386046888473, 3319.0602446213456, 3784.6027036429946], "result3": [0.0, 4568.175925005227, 5414.842576574534, 5911.099486680701, 6271.214586319402, 6529.137039385736, 6882.914898732677, 6755.795616077259, 7853.7082202304155, 7737.206859240308, 8072.005831044167]}