{"dataset": ["obj41__215", "obj41__220", "obj41__225", "obj41__230", "obj41__235", "obj41__240", "obj41__245", "obj41__250", "obj41__255", "obj41__260", "obj41__265"], "result0": ["obj41__215", "obj41__220", "obj41__225", "obj41__230", "obj41__235", "obj41__240", "obj41__245", "obj41__250", "obj41__255", "obj41__260", "obj41__265"], "result1": [], "result2": [0.0, 4380.349641695537, 6547.8724181599955, 7522.358351153679, 6450.70801970369, 6562.2740243465905, 6740.213095901553, 7465.352102473249, 8844.882194196094, 8990.265147550546, 11037.574143289059], "result3": [0.0, 19839.974316632375, 27859.8935994599, 36347.587334794924, 38472.63491359912, 41249.69399394095, 44476.0771952346, 43385.89567894675, 44977.692178916186, 46558.388221742585, 48057.78293633461]}