{"dataset": ["obj48__5", "obj48__10", "obj48__15", "obj48__20", "obj48__25", "obj48__30", "obj48__35", "obj48__40", "obj48__45", "obj48__50", "obj48__55"], "result0": ["obj48__5", "obj48__10", "obj48__15", "obj48__20", "obj48__25", "obj48__30", "obj48__35", "obj48__40", "obj48__45", "obj48__50", "obj48__55"], "result1": [], "result2": [0.0, 5746.165686962094, 7853.927891172641, 9207.53759709929, 11513.770587950137, 13804.35032616311, 13954.990097030675, 15031.6125257644, 15588.389397747127, 15670.678895865933, 15904.025268754302], "result3": [0.0, 29999.135947830975, 38127.65063427575, 45061.271834170446, 51467.884964529425, 55119.3790387325, 56243.97275724262, 57291.40063088387, 59777.54194625281, 60737.809320615605, 59849.019751131535]}