{"dataset": ["obj47__90", "obj47__95", "obj47__100", "obj47__105", "obj47__110", "obj47__115", "obj47__120", "obj47__125", "obj47__130", "obj47__135", "obj47__140"], "result0": ["obj47__90", "obj47__95", "obj47__100", "obj47__105", "obj47__110", "obj47__115", "obj47__120", "obj47__125", "obj47__130", "obj47__135", "obj47__140"], "result1": [], "result2": [0.0, 1837.253942545797, 2534.302908387122, 2428.0873088129915, 2689.73933830947, 2797.3840791651523, 2680.5871038952296, 3525.4803815326636, 3294.7595088507846, 3124.251986271741, 3391.380473803206], "result3": [0.0, 5251.561236260459, 5023.251557840034, 5622.041318632662, 5801.138079324737, 6035.778078690171, 6148.187890151516, 6845.106645070016, 6376.609681997448, 6613.6977159734815, 7106.253518432379]}