{"dataset": ["obj45__205", "obj45__210", "obj45__215", "obj45__220", "obj45__225", "obj45__230", "obj45__235", "obj45__240", "obj45__245", "obj45__250", "obj45__255"], "result0": ["obj45__205", "obj45__210", "obj45__215", "obj45__220", "obj45__225", "obj45__230", "obj45__235", "obj45__240", "obj45__245", "obj45__250", "obj45__255"], "result1": [], "result2": [0.0, 6485.342872462632, 8284.575519682085, 9726.580871126602, 10676.354624209214, 11889.043194866625, 13522.46032343928, 17406.44775734626, 16319.10444351656, 17960.142889736413, 16368.095540254977], "result3": [0.0, 21395.944964613765, 32129.840124530718, 41219.091961534694, 44207.98297689669, 45309.092431515455, 46539.83855986409, 49987.00160703808, 51854.353112734854, 53060.51364396326, 54331.60787791759]}