{"dataset": ["obj40__300", "obj40__305", "obj40__310", "obj40__315", "obj40__320", "obj40__325", "obj40__330", "obj40__335", "obj40__340", "obj40__345", "obj40__350"], "result0": ["obj40__300", "obj40__305", "obj40__310", "obj40__315", "obj40__320", "obj40__325", "obj40__330", "obj40__335", "obj40__340", "obj40__345", "obj40__350"], "result1": [], "result2": [0.0, 5431.493820071714, 6582.160261929311, 8173.986620570618, 8850.721215395572, 9589.235400118383, 9738.258651639566, 10173.654464182115, 10127.396519956708, 10184.278890805997, 10055.319580403155], "result3": [0.0, 28662.518363522366, 38970.90106946044, 47080.197152026, 51824.12723620422, 53458.827556762844, 52693.97138529457, 52691.6778450571, 48828.55270468816, 49945.05666330084, 49029.23739199899]}