{"dataset": ["obj47__0", "obj47__5", "obj47__10", "obj47__15", "obj47__20", "obj47__25", "obj47__30"], "result0": ["obj47__0", "obj47__5", "obj47__10", "obj47__15", "obj47__20", "obj47__25", "obj47__30"], "result1": [], "result2": [0.0, 2966.282376963742, 3335.3860458673284, 3588.687237815869, 3121.3910963609615, 3485.357693046266, 3670.1274174092973], "result3": [0.0, 4577.177575971931, 5787.772159380838, 4747.8702593408525, 5189.095961742103, 5951.315015997738, 6014.135551113635]}