{"dataset": ["obj49__195", "obj49__200", "obj49__205", "obj49__210", "obj49__215", "obj49__220", "obj49__225", "obj49__230", "obj49__235", "obj49__240", "obj49__245"], "result0": ["obj49__195", "obj49__200", "obj49__205", "obj49__210", "obj49__215", "obj49__220", "obj49__225", "obj49__230", "obj49__235", "obj49__240", "obj49__245"], "result1": [], "result2": [0.0, 2130.465873661064, 3035.6200161376905, 3175.357267413656, 3670.2709929174903, 4023.074054629157, 4214.5885209658945, 4700.145312065397, 4544.357110935931, 4508.786481956256, 4381.686495673561], "result3": [0.0, 19265.547338671982, 32526.64023664221, 35596.56091862358, 39286.4304639101, 41895.95535972528, 43230.982570979744, 45507.08233406022, 47290.87526349723, 48996.1778617464, 49198.177119240165]}