{"dataset": ["obj42__240", "obj42__245", "obj42__250", "obj42__255", "obj42__260", "obj42__265", "obj42__270", "obj42__275", "obj42__280", "obj42__285", "obj42__290"], "result0": ["obj42__240", "obj42__245", "obj42__250", "obj42__255", "obj42__260", "obj42__265", "obj42__270", "obj42__275", "obj42__280", "obj42__285", "obj42__290"], "result1": [], "result2": [0.0, 3690.805676767338, 6297.357623816131, 7062.49234775457, 9264.988660358695, 10143.777991126299, 10246.602764804775, 10410.151904746344, 10218.144946394317, 10037.588797282038, 7690.972935823311], "result3": [0.0, 13535.91152360849, 18989.41526204534, 22126.803432723507, 24712.483117230237, 26791.964416008443, 28225.26772250235, 28587.942076755688, 28029.572251783684, 27287.76416729018, 26574.08321403712]}