{"dataset": ["obj4__0", "obj4__5", "obj4__10", "obj4__15", "obj4__20", "obj4__25", "obj4__30", "obj4__35", "obj4__40", "obj4__45", "obj4__50"], "result0": ["obj4__0", "obj4__5", "obj4__10", "obj4__15", "obj4__20", "obj4__25", "obj4__30", "obj4__35", "obj4__40", "obj4__45", "obj4__50"], "result1": [], "result2": [0.0, 2632.2975973040775, 3330.7429269827344, 3264.962307219553, 4369.48545745403, 4184.288378501976, 4421.88804980976, 4497.2986506878715, 5091.355678310514, 5225.688504610562, 5421.531084387314], "result3": [0.0, 9805.228813340887, 12985.966122491285, 14974.628494149074, 16529.344965873286, 17622.006856579334, 17543.676882186905, 17789.99394969642, 18215.020287966356, 18397.98821499385, 17884.306199187413]}