{"dataset": ["obj4__110", "obj4__115", "obj4__120", "obj4__125", "obj4__130", "obj4__135", "obj4__140", "obj4__145", "obj4__150", "obj4__155", "obj4__160"], "result0": ["obj4__110", "obj4__115", "obj4__120", "obj4__125", "obj4__130", "obj4__135", "obj4__140", "obj4__145", "obj4__150", "obj4__155", "obj4__160"], "result1": [], "result2": [0.0, 2402.9455185302163, 3044.8816636850606, 3460.82068281413, 2892.6172703533252, 2957.2821617638792, 3061.537681508025, 3576.4107521067326, 3745.360211558374, 4612.450642550723, 5076.855992322302], "result3": [0.0, 7804.501841807738, 9868.899146270007, 11786.358357224613, 12964.022176960483, 13989.771869914606, 14697.250236960128, 15322.210777113214, 15183.143075246364, 15100.524409487844, 15138.950889827684]}