{"dataset": ["obj46__120", "obj46__125", "obj46__130", "obj46__135", "obj46__140", "obj46__145", "obj46__150", "obj46__155", "obj46__160", "obj46__165", "obj46__170"], "result0": ["obj46__120", "obj46__125", "obj46__130", "obj46__135", "obj46__140", "obj46__145", "obj46__150", "obj46__155", "obj46__160", "obj46__165", "obj46__170"], "result1": [], "result2": [0.0, 5525.498585351429, 7788.570430292646, 8473.149461141757, 8860.015076559745, 9128.939058245986, 9923.013390212276, 10406.55323095868, 10549.136146556833, 10464.616623463076, 10709.73178363868], "result3": [0.0, 46027.33553726412, 59963.41342480108, 67400.71755033545, 74604.55909315124, 77566.53671234846, 79532.73253052495, 81527.37988942675, 84558.32565636002, 84895.65510059334, 86676.3096266184]}