{"dataset": ["obj45__40", "obj45__45", "obj45__50", "obj45__55", "obj45__60", "obj45__65", "obj45__70", "obj45__75", "obj45__80", "obj45__85", "obj45__90"], "result0": ["obj45__40", "obj45__45", "obj45__50", "obj45__55", "obj45__60", "obj45__65", "obj45__70", "obj45__75", "obj45__80", "obj45__85", "obj45__90"], "result1": [], "result2": [0.0, 6156.58024777824, 8773.967267143338, 10779.675438402912, 13287.245648830063, 15603.41766882437, 16281.438563378913, 16505.71109687435, 16246.532371488478, 16882.959079924854, 17052.32239523918], "result3": [0.0, 33025.04253867641, 46669.23077690229, 54607.314344502985, 58375.31652799994, 59341.55279436521, 63536.59960722178, 66107.19967407547, 65763.10393716954, 65568.14915521629, 64858.70660084672]}