{"dataset": ["obj40__80", "obj40__85", "obj40__90", "obj40__95", "obj40__100", "obj40__105", "obj40__110", "obj40__115", "obj40__120", "obj40__125", "obj40__130"], "result0": ["obj40__80", "obj40__85", "obj40__90", "obj40__95", "obj40__100", "obj40__105", "obj40__110", "obj40__115", "obj40__120", "obj40__125", "obj40__130"], "result1": [], "result2": [0.0, 5606.694748705298, 6859.13935322964, 6544.189215975745, 6142.679246529046, 6882.352850597196, 8056.473800856719, 8509.21575807265, 9434.570138026816, 10208.421685471918, 10991.938841407602], "result3": [0.0, 27291.763711722568, 36480.655682340264, 36514.96848781966, 34869.639375664294, 33239.97226307914, 35819.713922968134, 39222.07730329409, 41348.16113276221, 42992.71826465055, 46171.77607092261]}