{"dataset": ["obj40__190", "obj40__195", "obj40__200", "obj40__205", "obj40__210", "obj40__215", "obj40__220", "obj40__225", "obj40__230", "obj40__235", "obj40__240"], "result0": ["obj40__190", "obj40__195", "obj40__200", "obj40__205", "obj40__210", "obj40__215", "obj40__220", "obj40__225", "obj40__230", "obj40__235", "obj40__240"], "result1": [], "result2": [0.0, 3488.333305672909, 4882.198234543144, 6886.780877404874, 7833.090070183285, 7669.694061305698, 8049.067909064754, 9566.18278122175, 10497.281995133966, 10423.357759011013, 11772.588873212944], "result3": [0.0, 15839.048768566921, 25630.124391576275, 33508.102368282154, 40425.280295073986, 44072.23408137448, 46261.745279509574, 48359.79776358046, 50882.01427452266, 53219.524003151804, 54541.65393326618]}