{"dataset": ["obj41__160", "obj41__165", "obj41__170", "obj41__175", "obj41__180", "obj41__185", "obj41__190", "obj41__195", "obj41__200", "obj41__205", "obj41__210"], "result0": ["obj41__160", "obj41__165", "obj41__170", "obj41__175", "obj41__180", "obj41__185", "obj41__190", "obj41__195", "obj41__200", "obj41__205", "obj41__210"], "result1": [], "result2": [0.0, 3926.8089686876365, 6852.359140061222, 7905.626154583782, 9918.69116396914, 10133.81008788253, 9730.621282481547, 9513.471362213939, 8517.740229163906, 7883.844149765654, 7959.516269977173], "result3": [0.0, 18945.09326068312, 30283.530285431072, 38804.85367862135, 43453.66472997144, 46726.16656024754, 48179.08717702702, 48094.310038147494, 48836.69664501771, 48845.37967867777, 49546.02012627944]}