{"dataset": ["obj45__150", "obj45__155", "obj45__160", "obj45__165", "obj45__170", "obj45__175", "obj45__180", "obj45__185", "obj45__190", "obj45__195", "obj45__200"], "result0": ["obj45__150", "obj45__155", "obj45__160", "obj45__165", "obj45__170", "obj45__175", "obj45__180", "obj45__185", "obj45__190", "obj45__195", "obj45__200"], "result1": [], "result2": [0.0, 5837.708157006053, 6836.479119065466, 7064.590500450646, 8156.634482448098, 9090.587507192939, 8598.426731077418, 8983.137355222128, 8544.848533930606, 7954.824017541055, 7461.3227057278145], "result3": [0.0, 20464.541255364195, 33197.75969634019, 33868.715092051774, 38106.17539285123, 40775.49139786512, 41902.74192772806, 40850.738761914894, 39865.57199270278, 38589.000968419015, 33908.03462598845]}