{"dataset": ["obj42__0", "obj42__5", "obj42__10", "obj42__15"], "result0": ["obj42__0", "obj42__5", "obj42__10", "obj42__15"], "result1": [], "result2": [0.0, 2221.558130064932, 2540.288151160911, 3041.2217858524987], "result3": [0.0, 8485.861117042601, 10981.188407475129, 13719.636639719829]}