{"dataset": ["obj42__295", "obj42__300", "obj42__305", "obj42__310", "obj42__315", "obj42__320", "obj42__325", "obj42__330", "obj42__335", "obj42__340", "obj42__345"], "result0": ["obj42__295", "obj42__300", "obj42__305", "obj42__310", "obj42__315", "obj42__320", "obj42__325", "obj42__330", "obj42__335", "obj42__340", "obj42__345"], "result1": [], "result2": [0.0, 4656.000181472343, 6854.639903291069, 8079.136529236138, 10107.592818940102, 11426.967078484946, 12631.38926133988, 12794.028090502523, 13687.245286586627, 14821.614913198164, 14616.162249909345], "result3": [0.0, 16086.939616696909, 20581.50947693363, 24700.449129501358, 26141.992343897, 27311.23275630735, 28413.539159642532, 29367.356691656634, 30073.533006573096, 29729.733797466382, 29904.81591017358]}