{"dataset": ["obj48__225", "obj48__230", "obj48__235", "obj48__240", "obj48__245", "obj48__250", "obj48__255", "obj48__260", "obj48__265", "obj48__270", "obj48__275"], "result0": ["obj48__225", "obj48__230", "obj48__235", "obj48__240", "obj48__245", "obj48__250", "obj48__255", "obj48__260", "obj48__265", "obj48__270", "obj48__275"], "result1": [], "result2": [0.0, 7251.768256478082, 9111.567968400775, 9430.359561329817, 10470.404020596685, 11208.602057359145, 11446.90676212899, 11752.701069290688, 12224.042857319331, 12659.113419935678, 11772.320624302016], "result3": [0.0, 29260.76486649178, 42343.15711311437, 48893.01700894348, 52318.79515040666, 54113.4107942041, 55025.81622887403, 57700.94319201633, 59178.12679603323, 59233.478647323325, 61892.794606767595]}