{"dataset": ["obj41__50", "obj41__55", "obj41__60", "obj41__65", "obj41__70", "obj41__75", "obj41__80", "obj41__85", "obj41__90", "obj41__95", "obj41__100"], "result0": ["obj41__50", "obj41__55", "obj41__60", "obj41__65", "obj41__70", "obj41__75", "obj41__80", "obj41__85", "obj41__90", "obj41__95", "obj41__100"], "result1": [], "result2": [0.0, 5083.753815016146, 7580.55859498824, 8740.57987112955, 8845.339481240322, 11028.399517784042, 11907.767945769376, 13992.469836331518, 16428.63387246302, 15136.4904034758, 14722.099972339141], "result3": [0.0, 21196.072418527678, 29011.31281159632, 34216.70252692886, 36835.63860127702, 39151.233591623604, 42722.095079533756, 44487.8065771088, 45624.71830308996, 45935.90036039241, 47367.959822613746]}