{"dataset": ["obj49__305", "obj49__310", "obj49__315", "obj49__320", "obj49__325", "obj49__330", "obj49__335", "obj49__340", "obj49__345", "obj49__350", "obj49__355"], "result0": ["obj49__305", "obj49__310", "obj49__315", "obj49__320", "obj49__325", "obj49__330", "obj49__335", "obj49__340", "obj49__345", "obj49__350", "obj49__355"], "result1": [], "result2": [0.0, 3570.8414482398357, 3677.689752759984, 4449.852665315378, 4209.489573770562, 3881.1940914606203, 4022.6975437247634, 4419.164099039336, 4424.822862951782, 4640.533425730194, 5011.952000873766], "result3": [0.0, 29066.94504840672, 36111.271164825186, 42483.582070954144, 46740.15075566992, 49319.321242591366, 53227.69922566414, 56951.95956861228, 56893.89319125749, 58656.24633359723, 59657.10457365215]}