{"dataset": ["obj48__170", "obj48__175", "obj48__180", "obj48__185", "obj48__190", "obj48__195", "obj48__200", "obj48__205", "obj48__210", "obj48__215", "obj48__220"], "result0": ["obj48__170", "obj48__175", "obj48__180", "obj48__185", "obj48__190", "obj48__195", "obj48__200", "obj48__205", "obj48__210", "obj48__215", "obj48__220"], "result1": [], "result2": [0.0, 4029.891579769525, 4903.398098014777, 6926.3798981942755, 8245.685496037457, 8427.903059965573, 9150.880501319723, 10024.90235396211, 11996.810375447436, 12939.522721123238, 14011.502445075532], "result3": [0.0, 20299.11708877608, 28187.616180300713, 34822.629686526954, 38294.63134376332, 43896.186811201274, 45674.73114704527, 49910.06393533386, 53734.70366272703, 56039.03900102526, 57747.34246917255]}