{"dataset": ["obj43__155", "obj43__160", "obj43__165", "obj43__170", "obj43__175", "obj43__180", "obj43__185", "obj43__190", "obj43__195", "obj43__200", "obj43__205"], "result0": ["obj43__155", "obj43__160", "obj43__165", "obj43__170", "obj43__175", "obj43__180", "obj43__185", "obj43__190", "obj43__195", "obj43__200", "obj43__205"], "result1": [], "result2": [0.0, 5442.81934652802, 6823.935617509319, 8088.248293985859, 8173.476667010468, 8316.686901092946, 8229.508056945091, 7765.729444010689, 7031.051123336007, 7019.907929313545, 7703.573858690441], "result3": [0.0, 31711.71095811762, 44518.739317931235, 53514.90044875629, 57789.31955164857, 60123.31447852962, 61263.21206363104, 56329.55043751933, 53978.190365379676, 56095.35854499042, 55692.18242712319]}