{"dataset": ["obj47__200", "obj47__205", "obj47__210", "obj47__215", "obj47__220", "obj47__225", "obj47__230", "obj47__235", "obj47__240", "obj47__245", "obj47__250"], "result0": ["obj47__200", "obj47__205", "obj47__210", "obj47__215", "obj47__220", "obj47__225", "obj47__230", "obj47__235", "obj47__240", "obj47__245", "obj47__250"], "result1": [], "result2": [0.0, 3285.6232542516786, 3106.993852178894, 3285.454174812584, 3488.3562703967177, 3568.065140198707, 3678.8672187879606, 4103.566342022472, 3762.3070308689767, 3417.057812772346, 3411.2699741427864], "result3": [0.0, 7275.527363745496, 7470.006800176576, 7701.2738454137, 7670.297381611541, 7808.474643047899, 8081.772457962856, 9549.495166093111, 8128.8044594768435, 7782.908668555319, 8519.252198828384]}