{"dataset": ["obj47__145", "obj47__150", "obj47__155", "obj47__160", "obj47__165", "obj47__170", "obj47__175", "obj47__180", "obj47__185", "obj47__190", "obj47__195"], "result0": ["obj47__145", "obj47__150", "obj47__155", "obj47__160", "obj47__165", "obj47__170", "obj47__175", "obj47__180", "obj47__185", "obj47__190", "obj47__195"], "result1": [], "result2": [0.0, 3777.6996024621885, 2627.3182687905633, 2675.7999393290866, 2289.951612644949, 4542.655260716091, 2767.8655539299707, 2923.8883490643057, 3006.998783892229, 3094.4104357120073, 3460.0217982349563], "result3": [0.0, 8570.446595450863, 4998.591563668102, 5543.876439282671, 5879.044122882187, 10438.013768477365, 6748.554764997214, 5840.314156670123, 6405.50421801582, 6304.571528635919, 8407.481330681592]}