{"dataset": ["obj44__180", "obj44__185", "obj44__190", "obj44__195", "obj44__200", "obj44__205", "obj44__210", "obj44__215", "obj44__220", "obj44__225", "obj44__230"], "result0": ["obj44__180", "obj44__185", "obj44__190", "obj44__195", "obj44__200", "obj44__205", "obj44__210", "obj44__215", "obj44__220", "obj44__225", "obj44__230"], "result1": [], "result2": [0.0, 1249.9793357575402, 1718.0595984009528, 1974.905888925172, 2978.484535108449, 4377.61619751078, 4875.4764179338235, 7352.597221374017, 7819.531413583109, 9859.512611877248, 11873.150718106144], "result3": [0.0, 12557.793544307351, 19367.721334900707, 23460.474113775417, 27114.556080654263, 29059.92040845193, 31987.159878147766, 34651.704372216016, 36595.26425348967, 39286.005438501015, 41210.35691804811]}