{"dataset": ["obj43__100", "obj43__105", "obj43__110", "obj43__115", "obj43__120", "obj43__125", "obj43__130", "obj43__135", "obj43__140", "obj43__145", "obj43__150"], "result0": ["obj43__100", "obj43__105", "obj43__110", "obj43__115", "obj43__120", "obj43__125", "obj43__130", "obj43__135", "obj43__140", "obj43__145", "obj43__150"], "result1": [], "result2": [0.0, 4338.367778661297, 5131.456189331765, 5569.12931953665, 7606.342473072436, 9590.520021846207, 12451.496426805623, 13565.861395755292, 14435.548451169941, 14931.421447415096, 15373.509068557069], "result3": [0.0, 23490.01684817858, 29618.27880088985, 32955.1804119274, 39740.47456412576, 47789.24261265993, 53909.63134597801, 57875.86596449837, 60379.72974044271, 61803.898706603795, 63643.51662931219]}