{"dataset": ["obj48__115", "obj48__120", "obj48__125", "obj48__130", "obj48__135", "obj48__140", "obj48__145", "obj48__150", "obj48__155", "obj48__160", "obj48__165"], "result0": ["obj48__115", "obj48__120", "obj48__125", "obj48__130", "obj48__135", "obj48__140", "obj48__145", "obj48__150", "obj48__155", "obj48__160", "obj48__165"], "result1": [], "result2": [0.0, 6326.769587178048, 9032.752102903296, 11481.066064496694, 11937.606870504062, 13345.955203603142, 14159.147314766342, 14686.524786939735, 14709.582930079623, 14883.691839944571, 15815.888249333497], "result3": [0.0, 25785.33678372577, 36996.61255334318, 44792.32141197659, 49582.69469833374, 50462.692415123805, 51655.910811198875, 52093.6411819309, 51673.68017355725, 53142.058376191184, 53208.75492071919]}