{"dataset": ["obj49__0", "obj49__5", "obj49__10", "obj49__15", "obj49__20", "obj49__25"], "result0": ["obj49__0", "obj49__5", "obj49__10", "obj49__15", "obj49__20", "obj49__25"], "result1": [], "result2": [0.0, 3240.8463605055313, 3598.043715565884, 3931.558169731223, 4198.406542352923, 4723.435520749154], "result3": [0.0, 30088.04068869166, 35815.17686969414, 41071.53650858067, 43181.77319532819, 46301.20777198672]}