{"dataset": ["obj40__0", "obj40__5", "obj40__10", "obj40__15", "obj40__20"], "result0": ["obj40__0", "obj40__5", "obj40__10", "obj40__15", "obj40__20"], "result1": [], "result2": [0.0, 2597.849545113504, 3832.889417960869, 4714.121309323913, 6302.275466679487], "result3": [0.0, 20304.499218741432, 31098.28804850951, 35465.016058182344, 40607.55238087475]}