{"dataset": ["obj49__140", "obj49__145", "obj49__150", "obj49__155", "obj49__160", "obj49__165", "obj49__170", "obj49__175", "obj49__180", "obj49__185", "obj49__190"], "result0": ["obj49__140", "obj49__145", "obj49__150", "obj49__155", "obj49__160", "obj49__165", "obj49__170", "obj49__175", "obj49__180", "obj49__185", "obj49__190"], "result1": [], "result2": [0.0, 3132.3958591966452, 3868.243082131754, 3948.62335574833, 3291.6811052354346, 3265.4343382079705, 3206.589745246626, 3421.378521372745, 3622.641315298503, 4009.3682702085553, 3809.248841832705], "result3": [0.0, 27891.773652771488, 34415.21508283168, 38339.6124941688, 43820.57917469554, 41392.02885947004, 44477.86668020859, 46385.38010083325, 48249.06367404014, 50483.402722550556, 49840.1031383425]}