{"dataset": ["obj43__210", "obj43__215", "obj43__220", "obj43__225", "obj43__230", "obj43__235", "obj43__240", "obj43__245", "obj43__250", "obj43__255", "obj43__260"], "result0": ["obj43__210", "obj43__215", "obj43__220", "obj43__225", "obj43__230", "obj43__235", "obj43__240", "obj43__245", "obj43__250", "obj43__255", "obj43__260"], "result1": [], "result2": [0.0, 5086.589901545014, 7747.678665837106, 8900.580040797482, 11358.763002733813, 13299.33472362612, 13983.226446824663, 13946.482839251834, 13760.072036371363, 13930.079695952143, 13933.377853136506], "result3": [0.0, 35644.20195836015, 48566.82129292749, 57359.263696623966, 62200.56322916038, 64953.98640677333, 68679.00414354354, 69433.73651535809, 69005.73780395836, 69930.13031644002, 68948.73231666349]}