{"dataset": ["obj45__95", "obj45__100", "obj45__105", "obj45__110", "obj45__115", "obj45__120", "obj45__125", "obj45__130", "obj45__135", "obj45__140", "obj45__145"], "result0": ["obj45__95", "obj45__100", "obj45__105", "obj45__110", "obj45__115", "obj45__120", "obj45__125", "obj45__130", "obj45__135", "obj45__140", "obj45__145"], "result1": [], "result2": [0.0, 4422.0790304518505, 5883.849119129514, 5411.602120598977, 6850.250408445461, 7354.831837784806, 9164.38659421385, 10468.847664478599, 12860.809656432226, 13503.977996596313, 14580.86794379368], "result3": [0.0, 17048.767444554716, 22074.156994123012, 20248.568637324497, 23703.04819022864, 34888.97589145601, 42991.919018501416, 47725.15114152245, 53646.54543066956, 56351.324903950095, 60663.35153162293]}