{"dataset": ["obj44__125", "obj44__130", "obj44__135", "obj44__140", "obj44__145", "obj44__150", "obj44__155", "obj44__160", "obj44__165", "obj44__170", "obj44__175"], "result0": ["obj44__125", "obj44__130", "obj44__135", "obj44__140", "obj44__145", "obj44__150", "obj44__155", "obj44__160", "obj44__165", "obj44__170", "obj44__175"], "result1": [], "result2": [0.0, 7239.627205437324, 9079.793856362347, 11087.102723938708, 12624.059216249643, 12824.351718379736, 13086.021216608822, 13793.110832266866, 14420.701741865958, 14510.419342232635, 14633.511233687464], "result3": [0.0, 28541.922610569745, 36064.18557456136, 39773.967689735815, 41145.26430876553, 42448.0824984815, 43618.22766410932, 45724.61832681671, 44732.61239384115, 46578.33609976433, 46387.62544488348]}