{"dataset": ["obj42__20", "obj42__25", "obj42__30", "obj42__35", "obj42__40", "obj42__45", "obj42__50", "obj42__55", "obj42__60", "obj42__65", "obj42__70"], "result0": ["obj42__20", "obj42__25", "obj42__30", "obj42__35", "obj42__40", "obj42__45", "obj42__50", "obj42__55", "obj42__60", "obj42__65", "obj42__70"], "result1": [], "result2": [0.0, 2853.0649425506917, 4726.209843395865, 4882.1843531750255, 7276.826320337228, 7976.700207255042, 10128.674258507404, 12200.226178761435, 12916.832801668, 15398.196203522983, 16148.399075785781], "result3": [0.0, 10745.939062194899, 15269.542444122955, 18047.739988563582, 20457.57447384298, 23529.365679353476, 26369.9191204682, 28557.872932668775, 29769.93489759974, 32668.410513397306, 33542.640068883076]}