{"dataset": ["obj43__0", "obj43__5", "obj43__10", "obj43__15", "obj43__20", "obj43__25", "obj43__30", "obj43__35", "obj43__40"], "result0": ["obj43__0", "obj43__5", "obj43__10", "obj43__15", "obj43__20", "obj43__25", "obj43__30", "obj43__35", "obj43__40"], "result1": [], "result2": [0.0, 5423.629180455211, 6664.030101538761, 6784.89837407354, 7079.346832825182, 7674.89604543929, 8109.075639467357, 8834.274294384206, 9854.821490730095], "result3": [0.0, 27065.84233411774, 36534.69489790127, 42141.737662607804, 47985.33342833258, 52702.89730219729, 57944.13239168748, 59673.75409142859, 62358.110846115276]}