{"dataset": ["obj46__230", "obj46__235", "obj46__240", "obj46__245", "obj46__250", "obj46__255", "obj46__260", "obj46__265", "obj46__270", "obj46__275", "obj46__280"], "result0": ["obj46__230", "obj46__235", "obj46__240", "obj46__245", "obj46__250", "obj46__255", "obj46__260", "obj46__265", "obj46__270", "obj46__275", "obj46__280"], "result1": [], "result2": [0.0, 4141.44979419861, 5797.097310697122, 8951.066777234653, 9216.659445438321, 11533.930199444452, 13396.503223950833, 15351.01371545802, 15440.518706533816, 14440.776645743816, 11639.07478200954], "result3": [0.0, 34230.59489080869, 53490.88533612341, 69179.9327454362, 81445.91870017909, 94303.97407329269, 103211.36394781247, 116093.525360208, 120144.63440672867, 117979.74587912112, 106872.21679597907]}