{"dataset": ["obj48__60", "obj48__65", "obj48__70", "obj48__75", "obj48__80", "obj48__85", "obj48__90", "obj48__95", "obj48__100", "obj48__105", "obj48__110"], "result0": ["obj48__60", "obj48__65", "obj48__70", "obj48__75", "obj48__80", "obj48__85", "obj48__90", "obj48__95", "obj48__100", "obj48__105", "obj48__110"], "result1": [], "result2": [0.0, 4578.907325802496, 5640.154485108361, 6462.186430316182, 7152.925594256337, 7191.199222230976, 7615.385688173698, 7442.868286760044, 7762.030837508478, 8315.24550021687, 8116.357102115628], "result3": [0.0, 22469.60377616808, 32122.822485866025, 36409.04348165728, 38045.80953510292, 39341.9966207277, 39231.261148002, 39534.62316937186, 40015.58396539837, 41831.39311639778, 40580.51567248069]}