{"dataset": ["obj46__285", "obj46__290", "obj46__295", "obj46__300", "obj46__305", "obj46__310", "obj46__315", "obj46__320", "obj46__325", "obj46__330", "obj46__335"], "result0": ["obj46__285", "obj46__290", "obj46__295", "obj46__300", "obj46__305", "obj46__310", "obj46__315", "obj46__320", "obj46__325", "obj46__330", "obj46__335"], "result1": [], "result2": [0.0, 7077.071965531696, 9046.345301104908, 10449.622867838703, 11157.896868599808, 11525.835792878299, 12569.93701110356, 12718.33267537713, 13003.601899715053, 13347.662809443504, 13905.144008694167], "result3": [0.0, 57749.11784750037, 76545.12612931803, 81597.05228653178, 87052.19094304927, 92384.75944439508, 91173.90845009685, 94666.76311076991, 96787.89207054675, 98465.1061501652, 99770.0452069398]}