{"dataset": ["obj4__165", "obj4__170", "obj4__175", "obj4__180", "obj4__185", "obj4__190", "obj4__195", "obj4__200", "obj4__205", "obj4__210", "obj4__215"], "result0": ["obj4__165", "obj4__170", "obj4__175", "obj4__180", "obj4__185", "obj4__190", "obj4__195", "obj4__200", "obj4__205", "obj4__210", "obj4__215"], "result1": [], "result2": [0.0, 3372.13738391749, 3936.009623513219, 4076.0833318923574, 4456.977240558689, 4368.049107009162, 4399.483560314383, 4214.367524411112, 4471.519186488376, 4296.657947643916, 4285.491879092635], "result3": [0.0, 9235.679166492075, 13151.402339424938, 13492.237158715725, 15032.998270342126, 15616.881756395102, 16244.260282915086, 16078.74014139548, 15887.043705563992, 15681.64063164778, 14781.095136288553]}