{"dataset": ["obj42__130", "obj42__135", "obj42__140", "obj42__145", "obj42__150", "obj42__155", "obj42__160", "obj42__165", "obj42__170", "obj42__175", "obj42__180"], "result0": ["obj42__130", "obj42__135", "obj42__140", "obj42__145", "obj42__150", "obj42__155", "obj42__160", "obj42__165", "obj42__170", "obj42__175", "obj42__180"], "result1": [], "result2": [0.0, 4836.556160774956, 7026.52768410796, 7718.512608361059, 9491.4623058351, 9949.327286665135, 11972.45006008714, 11986.47078842542, 12306.782670640701, 12491.232482907055, 12397.20328929746], "result3": [0.0, 19989.114158971235, 25608.58773173392, 28612.734471460804, 29549.52247380279, 30012.461916884407, 30258.620508512482, 30349.93592377007, 29484.688082927838, 29636.425591675565, 29435.849214084446]}