{"dataset": ["obj49__85", "obj49__90", "obj49__95", "obj49__100", "obj49__105", "obj49__110", "obj49__115", "obj49__120", "obj49__125", "obj49__130", "obj49__135"], "result0": ["obj49__85", "obj49__90", "obj49__95", "obj49__100", "obj49__105", "obj49__110", "obj49__115", "obj49__120", "obj49__125", "obj49__130", "obj49__135"], "result1": [], "result2": [0.0, 2951.9277633282472, 3262.9080053053167, 3958.072969896637, 3776.8711395322944, 3873.9376195549394, 3922.8121332874625, 4136.118679914589, 4377.775088286428, 4163.846935427441, 4003.4258655750336], "result3": [0.0, 16269.834604818374, 26144.501685690135, 33099.75003368966, 36889.01805525087, 38627.62780117802, 40936.742373982444, 43623.90003792569, 46497.83126187511, 46802.490403914824, 48465.32053455338]}