{"dataset": ["obj48__280", "obj48__285", "obj48__290", "obj48__295", "obj48__300", "obj48__305", "obj48__310", "obj48__315", "obj48__320", "obj48__325", "obj48__330"], "result0": ["obj48__280", "obj48__285", "obj48__290", "obj48__295", "obj48__300", "obj48__305", "obj48__310", "obj48__315", "obj48__320", "obj48__325", "obj48__330"], "result1": [], "result2": [0.0, 7267.143783759683, 8849.644232702312, 8967.667178983704, 11036.77674900599, 11383.064541154628, 12905.372601518115, 12625.801576889417, 13881.53980244203, 14370.229635459747, 14030.53454761693], "result3": [0.0, 40346.291204001755, 50434.09018233605, 56201.06203511357, 62081.40557807125, 66283.03281665966, 68951.9018352814, 70554.60682964884, 71536.665066218, 69483.81497349218, 70204.5912724156]}