{"dataset": ["obj4__220", "obj4__225", "obj4__230", "obj4__235", "obj4__240", "obj4__245", "obj4__250", "obj4__255", "obj4__260", "obj4__265", "obj4__270"], "result0": ["obj4__220", "obj4__225", "obj4__230", "obj4__235", "obj4__240", "obj4__245", "obj4__250", "obj4__255", "obj4__260", "obj4__265", "obj4__270"], "result1": [], "result2": [0.0, 2764.045825231978, 3356.2126710258817, 3404.6298124604077, 3717.1709052166416, 3613.013260929699, 3645.2836478385498, 3904.9191521148723, 4137.048550595121, 4718.266153354031, 4316.005193425267], "result3": [0.0, 9032.180686235428, 11858.394801028073, 14198.784095304087, 16039.853485837579, 17482.303582070395, 17886.3267366793, 17466.09941118583, 17395.148767797276, 16955.25028705597, 16379.818773955107]}