{"dataset": ["obj46__65", "obj46__70", "obj46__75", "obj46__80", "obj46__85", "obj46__90", "obj46__95", "obj46__100", "obj46__105", "obj46__110", "obj46__115"], "result0": ["obj46__65", "obj46__70", "obj46__75", "obj46__80", "obj46__85", "obj46__90", "obj46__95", "obj46__100", "obj46__105", "obj46__110", "obj46__115"], "result1": [], "result2": [0.0, 7262.160270232008, 9261.587596836724, 11242.094907847324, 13939.504227304804, 15695.655660760644, 13575.979826593815, 11692.20897898716, 10337.406681255465, 9193.852742769059, 8380.104127549095], "result3": [0.0, 56631.34023104794, 88673.03134973161, 104669.21506191045, 119493.28643237986, 131428.3967554029, 124777.25576814264, 118327.47112770192, 113643.31301696785, 108969.30817079358, 104891.94089255296]}