{"dataset": ["obj47__35", "obj47__40", "obj47__45", "obj47__50", "obj47__55", "obj47__60", "obj47__65", "obj47__70", "obj47__75", "obj47__80", "obj47__85"], "result0": ["obj47__35", "obj47__40", "obj47__45", "obj47__50", "obj47__55", "obj47__60", "obj47__65", "obj47__70", "obj47__75", "obj47__80", "obj47__85"], "result1": [], "result2": [0.0, 2702.5085724606774, 2599.921440082828, 2669.1816060893707, 2448.450017207643, 2356.7215298553333, 2575.351508101217, 2434.0158710353044, 2824.4383706100525, 3103.92657272207, 2965.356469875673], "result3": [0.0, 5245.968176774681, 5819.311180921271, 5549.035930616781, 5515.135241767392, 5683.0347233098, 5793.1681703832, 6068.722657246515, 6330.451149944216, 6252.8913185074925, 6986.184961961582]}