{"dataset": ["obj43__45", "obj43__50", "obj43__55", "obj43__60", "obj43__65", "obj43__70", "obj43__75", "obj43__80", "obj43__85", "obj43__90", "obj43__95"], "result0": ["obj43__45", "obj43__50", "obj43__55", "obj43__60", "obj43__65", "obj43__70", "obj43__75", "obj43__80", "obj43__85", "obj43__90", "obj43__95"], "result1": [], "result2": [0.0, 5998.525536466996, 8453.347015241028, 10300.6056107082, 12985.390323512576, 13201.816724592836, 13791.712913705536, 13550.736646735922, 13492.821711226577, 13323.542751467663, 13349.218434000342], "result3": [0.0, 24061.57980646938, 34559.086376491934, 40025.822506187484, 43273.21468358673, 45176.275657439604, 46083.31527863443, 47743.816589254886, 46084.81919917278, 47091.08712899499, 49239.711044538766]}