{"dataset": ["obj42__75", "obj42__80", "obj42__85", "obj42__90", "obj42__95", "obj42__100", "obj42__105", "obj42__110", "obj42__115", "obj42__120", "obj42__125"], "result0": ["obj42__75", "obj42__80", "obj42__85", "obj42__90", "obj42__95", "obj42__100", "obj42__105", "obj42__110", "obj42__115", "obj42__120", "obj42__125"], "result1": [], "result2": [0.0, 6216.579717229925, 7254.320811921797, 8436.207751404358, 9405.287478466764, 7785.5784394024095, 5605.333906868257, 5459.236187722638, 6663.417472901107, 8132.150025802605, 8899.918725963691], "result3": [0.0, 23967.52847540006, 31873.00089381449, 35115.69881531596, 37493.27938164398, 38556.93266440183, 37608.81071531214, 37610.57583278045, 36742.70760945976, 37105.400202833116, 38099.21898329258]}