{"dataset": ["obj42__185", "obj42__190", "obj42__195", "obj42__200", "obj42__205", "obj42__210", "obj42__215", "obj42__220", "obj42__225", "obj42__230", "obj42__235"], "result0": ["obj42__185", "obj42__190", "obj42__195", "obj42__200", "obj42__205", "obj42__210", "obj42__215", "obj42__220", "obj42__225", "obj42__230", "obj42__235"], "result1": [], "result2": [0.0, 2009.887987767814, 2468.3267845188125, 2829.3689770489436, 3404.506008607578, 5265.0098940118405, 5757.800519853978, 5671.774440644248, 7895.575761998575, 8498.827268270195, 10880.297475921772], "result3": [0.0, 8509.36927552335, 11286.383499613032, 13554.747042400762, 15575.29668019712, 17119.739429656416, 19134.30559610948, 20369.904522424564, 21627.6621714551, 23319.726548435166, 24045.567523643374]}