{"dataset": ["obj44__70", "obj44__75", "obj44__80", "obj44__85", "obj44__90", "obj44__95", "obj44__100", "obj44__105", "obj44__110", "obj44__115", "obj44__120"], "result0": ["obj44__70", "obj44__75", "obj44__80", "obj44__85", "obj44__90", "obj44__95", "obj44__100", "obj44__105", "obj44__110", "obj44__115", "obj44__120"], "result1": [], "result2": [0.0, 9535.872911384216, 17116.69928084048, 17055.88372194889, 17588.819173549957, 17562.14224889053, 17606.131552391984, 17926.425673341673, 12579.53919766042, 9054.655159835216, 10740.391044558879], "result3": [0.0, 42729.343602830544, 53794.88485337421, 57264.42167974636, 58683.91455413401, 60643.97228414379, 61663.12362832762, 61427.289793992415, 54588.35086335428, 50485.85217122361, 49707.876148343086]}