{"dataset": ["obj4__275", "obj4__280", "obj4__285", "obj4__290", "obj4__295", "obj4__300", "obj4__305", "obj4__310", "obj4__315", "obj4__320", "obj4__325"], "result0": ["obj4__275", "obj4__280", "obj4__285", "obj4__290", "obj4__295", "obj4__300", "obj4__305", "obj4__310", "obj4__315", "obj4__320", "obj4__325"], "result1": [], "result2": [0.0, 2861.9814405003176, 3675.7441149113624, 3590.5853561612676, 3922.481839577206, 4369.96641358441, 4159.805126418942, 4275.400283589441, 4467.365257570967, 4600.987938269373, 4771.310509759806], "result3": [0.0, 8688.84854254499, 11353.224226690829, 14288.883457062766, 15532.98742639646, 16684.121979018673, 17869.9574370794, 18326.828352114186, 18547.42861462757, 18294.09620932117, 17864.324235038832]}