{"dataset": ["obj46__0", "obj46__5"], "result0": ["obj46__0", "obj46__5"], "result1": [], "result2": [0.0, 3424.370507038177], "result3": [0.0, 44155.50877951272]}