{"dataset": ["obj44__0", "obj44__5", "obj44__10"], "result0": ["obj44__0", "obj44__5", "obj44__10"], "result1": [], "result2": [0.0, 875.9558153189743, 1876.9194512391286], "result3": [0.0, 14114.807701172307, 18396.74888293259]}