{"dataset": ["obj44__15", "obj44__20", "obj44__25", "obj44__30", "obj44__35", "obj44__40", "obj44__45", "obj44__50", "obj44__55", "obj44__60", "obj44__65"], "result0": ["obj44__15", "obj44__20", "obj44__25", "obj44__30", "obj44__35", "obj44__40", "obj44__45", "obj44__50", "obj44__55", "obj44__60", "obj44__65"], "result1": [], "result2": [0.0, 1413.0118877289353, 2758.871505465135, 4041.7206549106736, 4764.57465812295, 4959.945389903738, 7076.943266234466, 9075.01543578883, 10945.695794766207, 13794.530666147766, 17150.976978347964], "result3": [0.0, 11058.0773675628, 17985.808044688776, 21889.52078023739, 25919.487201197073, 30118.661713583395, 33539.17727557942, 36132.036498310044, 39494.27469102293, 42595.177571741864, 44823.617674812675]}