{"dataset": ["obj41__0", "obj41__5", "obj41__10", "obj41__15", "obj41__20", "obj41__25", "obj41__30", "obj41__35", "obj41__40", "obj41__45"], "result0": ["obj41__0", "obj41__5", "obj41__10", "obj41__15", "obj41__20", "obj41__25", "obj41__30", "obj41__35", "obj41__40", "obj41__45"], "result1": [], "result2": [0.0, 3468.338584424916, 5624.735955797949, 8445.550463479105, 10669.865894606533, 11935.42500029771, 12341.625161574953, 13373.405578262751, 14821.729011009524, 15082.924786712741], "result3": [0.0, 18908.82514075935, 25819.50144692324, 34135.67868125625, 41100.897559426725, 43106.361641837284, 44997.85856781341, 45672.245075855404, 46203.56466525234, 46705.766469575465]}