{"dataset": ["obj40__135", "obj40__140", "obj40__145", "obj40__150", "obj40__155", "obj40__160", "obj40__165", "obj40__170", "obj40__175", "obj40__180", "obj40__185"], "result0": ["obj40__135", "obj40__140", "obj40__145", "obj40__150", "obj40__155", "obj40__160", "obj40__165", "obj40__170", "obj40__175", "obj40__180", "obj40__185"], "result1": [], "result2": [0.0, 3235.8813689393646, 4966.712907354297, 6864.492887016584, 7127.3512355412495, 7563.0895568939995, 7701.731584211279, 8291.062433747436, 8513.068879423314, 8287.5794919628, 8036.847777988069], "result3": [0.0, 13586.343655765057, 26613.641593117267, 33343.56555463001, 38149.96748129651, 38881.058109205216, 43003.81558938697, 44207.37701047212, 45689.05975420214, 44934.51068154164, 42908.21174989827]}