{"dataset": ["obj44__290", "obj44__295", "obj44__300", "obj44__305", "obj44__310", "obj44__315", "obj44__320", "obj44__325", "obj44__330", "obj44__335", "obj44__340"], "result0": ["obj44__290", "obj44__295", "obj44__300", "obj44__305", "obj44__310", "obj44__315", "obj44__320", "obj44__325", "obj44__330", "obj44__335", "obj44__340"], "result1": [], "result2": [0.0, 13077.22434191783, 17048.875139186337, 19195.392954802555, 21342.563486638723, 22987.2230762795, 24852.814825295056, 26018.651241704276, 26801.428451976943, 27958.9092266471, 28739.354322673018], "result3": [0.0, 48198.24456303939, 54125.5537867751, 56420.97062065266, 57573.96521821804, 58117.61024889164, 59129.30032460578, 60638.59830294922, 60713.46430061199, 60857.31052926183, 60915.99611646123]}