{"dataset": ["obj45__260", "obj45__265", "obj45__270", "obj45__275", "obj45__280", "obj45__285", "obj45__290", "obj45__295", "obj45__300", "obj45__305", "obj45__310"], "result0": ["obj45__260", "obj45__265", "obj45__270", "obj45__275", "obj45__280", "obj45__285", "obj45__290", "obj45__295", "obj45__300", "obj45__305", "obj45__310"], "result1": [], "result2": [0.0, 2819.706073585631, 5241.58061020053, 4245.2150354869555, 4691.170991449229, 5066.664830072406, 5305.153493782179, 5828.583947197535, 6245.181854783842, 5786.065239073663, 7363.102889893173], "result3": [0.0, 11863.337766675279, 17016.09732650593, 19235.75022589229, 21951.61998150684, 24236.737604027614, 27273.32592712529, 27391.87920799665, 28501.195040665567, 32619.570845540613, 43946.074450721964]}