{"dataset": ["obj40__245", "obj40__250", "obj40__255", "obj40__260", "obj40__265", "obj40__270", "obj40__275", "obj40__280", "obj40__285", "obj40__290", "obj40__295"], "result0": ["obj40__245", "obj40__250", "obj40__255", "obj40__260", "obj40__265", "obj40__270", "obj40__275", "obj40__280", "obj40__285", "obj40__290", "obj40__295"], "result1": [], "result2": [0.0, 5691.949688001898, 8726.059933967741, 9525.495810167633, 9695.362781741713, 9605.62183673998, 9445.261907388809, 7985.575006994668, 6758.89374821086, 7821.355796991314, 9243.914688718958], "result3": [0.0, 28788.450034962967, 47371.57108364254, 53745.80383484438, 56076.024998543784, 56525.14068119228, 52906.48336938396, 48075.097058445215, 44104.78768612258, 48529.83692998625, 55760.92435557954]}