{"dataset": ["obj46__10", "obj46__15", "obj46__20", "obj46__25", "obj46__30", "obj46__35", "obj46__40", "obj46__45", "obj46__50", "obj46__55", "obj46__60"], "result0": ["obj46__10", "obj46__15", "obj46__20", "obj46__25", "obj46__30", "obj46__35", "obj46__40", "obj46__45", "obj46__50", "obj46__55", "obj46__60"], "result1": [], "result2": [0.0, 3867.0187421564624, 4684.397289211437, 5050.286072483096, 6001.215576952863, 6975.976883677867, 7521.434292733289, 7899.573831888576, 8510.314557477759, 9643.632457023374, 10595.508430159638], "result3": [0.0, 36005.744670780376, 49970.849494662136, 55814.11971394345, 60734.45951468684, 65770.2655679509, 70856.87489372306, 75365.04695321433, 79920.76223986782, 84066.56911064312, 87197.97817167267]}