{"dataset": ["obj49__250", "obj49__255", "obj49__260", "obj49__265", "obj49__270", "obj49__275", "obj49__280", "obj49__285", "obj49__290", "obj49__295", "obj49__300"], "result0": ["obj49__250", "obj49__255", "obj49__260", "obj49__265", "obj49__270", "obj49__275", "obj49__280", "obj49__285", "obj49__290", "obj49__295", "obj49__300"], "result1": [], "result2": [0.0, 3122.0232371160596, 3795.310138042655, 4231.626830361257, 4448.065842395275, 4417.035074987417, 4711.1957704002325, 4785.276822838844, 4505.711573523039, 4745.18546224948, 4686.107043071847], "result3": [0.0, 23563.69705755636, 32165.26568965055, 38633.68000486493, 41323.56650309265, 44497.97937212698, 47000.21415888518, 48991.2247627005, 50671.03930256888, 51408.43945915811, 52754.8529529199]}