{"dataset": ["obj40__25", "obj40__30", "obj40__35", "obj40__40", "obj40__45", "obj40__50", "obj40__55", "obj40__60", "obj40__65", "obj40__70", "obj40__75"], "result0": ["obj40__25", "obj40__30", "obj40__35", "obj40__40", "obj40__45", "obj40__50", "obj40__55", "obj40__60", "obj40__65", "obj40__70", "obj40__75"], "result1": [], "result2": [0.0, 4061.3770234182734, 4805.536122728224, 6070.094355043018, 7161.884917051583, 7530.605776787411, 8672.97236715734, 8622.728297112355, 9155.392320052311, 10827.770860941304, 10254.784107127038], "result3": [0.0, 20284.496223829687, 29133.849911948666, 39083.219563782215, 43745.924787875265, 44377.97599693015, 48180.59963630512, 49751.799173012376, 51148.850962314755, 51658.138328008354, 54420.9479088299]}