{"dataset": ["obj46__175", "obj46__180", "obj46__185", "obj46__190", "obj46__195", "obj46__200", "obj46__205", "obj46__210", "obj46__215", "obj46__220", "obj46__225"], "result0": ["obj46__175", "obj46__180", "obj46__185", "obj46__190", "obj46__195", "obj46__200", "obj46__205", "obj46__210", "obj46__215", "obj46__220", "obj46__225"], "result1": [], "result2": [0.0, 3760.3080444655284, 4745.8824033725505, 5489.588250060745, 5797.518457387115, 7464.950033429201, 7343.449912826979, 7615.344116527831, 8248.41786156086, 8334.647275329702, 8670.762147079175], "result3": [0.0, 40314.0277880691, 52495.456149958074, 58850.806171860546, 63858.49534008652, 65917.55961260758, 66738.45776768401, 67126.35305535235, 68761.79145905562, 70700.00091045164, 73979.97588989139]}