{"dataset": ["obj56__10", "obj56__15", "obj56__20", "obj56__25", "obj56__30", "obj56__35", "obj56__40", "obj56__45", "obj56__50", "obj56__55", "obj56__60"], "result0": ["obj56__10", "obj56__15", "obj56__20", "obj56__25", "obj56__30", "obj56__35", "obj56__40", "obj56__45", "obj56__50", "obj56__55", "obj56__60"], "result1": [], "result2": [0.0, 2106.561978925409, 2543.5033619497804, 3427.6774658157815, 3274.0909953781493, 3434.469276396398, 3719.9563826734125, 3627.13171573005, 3847.7343623960246, 3974.3699268402593, 4260.992875203304], "result3": [0.0, 11798.492905434221, 13639.230296935886, 17490.83648479171, 16815.418623073027, 17009.73167424649, 17378.777338726446, 18129.982558503747, 18846.404669055715, 19245.012773506343, 20293.223988443613]}