{"dataset": ["obj56__0", "obj56__5"], "result0": ["obj56__0", "obj56__5"], "result1": [], "result2": [0.0, 2062.3254143527683], "result3": [0.0, 11247.215846518055]}