{"dataset": ["obj50__0", "obj50__5", "obj50__10", "obj50__15", "obj50__20"], "result0": ["obj50__0", "obj50__5", "obj50__10", "obj50__15", "obj50__20"], "result1": [], "result2": [0.0, 2681.5918557507284, 2952.4097080988277, 2800.693475972506, 3214.1797439758775], "result3": [0.0, 14151.702709594741, 15570.49391676113, 16439.00055797957, 17746.676362276077]}