{"dataset": ["obj58__170", "obj58__175", "obj58__180", "obj58__185", "obj58__190", "obj58__195", "obj58__200", "obj58__205", "obj58__210", "obj58__215", "obj58__220"], "result0": ["obj58__170", "obj58__175", "obj58__180", "obj58__185", "obj58__190", "obj58__195", "obj58__200", "obj58__205", "obj58__210", "obj58__215", "obj58__220"], "result1": [], "result2": [0.0, 4510.599289621156, 5829.334746811057, 6151.155573492083, 6132.357205464039, 6362.971079141087, 6382.765210033893, 7748.801859394229, 8342.586454574415, 9262.692703902803, 8948.662510818442], "result3": [0.0, 22742.724240109324, 30302.28342892602, 32354.823157662526, 31607.48726190813, 30185.03825620003, 31147.774101940915, 34958.93051775172, 36195.323993269354, 37936.88805845566, 36512.4214797169]}