{"dataset": ["obj57__35", "obj57__40", "obj57__45", "obj57__50", "obj57__55", "obj57__60", "obj57__65", "obj57__70", "obj57__75", "obj57__80", "obj57__85"], "result0": ["obj57__35", "obj57__40", "obj57__45", "obj57__50", "obj57__55", "obj57__60", "obj57__65", "obj57__70", "obj57__75", "obj57__80", "obj57__85"], "result1": [], "result2": [0.0, 6289.397223200556, 9164.9662570737, 9904.038513215119, 11401.237930973844, 12482.062970367877, 14494.180424114656, 16140.25802789901, 18369.09442048721, 20094.392613346372, 21663.14943998689], "result3": [0.0, 24001.05109535344, 38097.488810835406, 45396.22871581279, 52172.10025582276, 56863.727136116475, 58924.37057056464, 60433.14996319264, 60909.634433828294, 61189.226495698094, 61812.79575639404]}