{"dataset": ["obj58__280", "obj58__285", "obj58__290", "obj58__295", "obj58__300", "obj58__305", "obj58__310", "obj58__315", "obj58__320", "obj58__325", "obj58__330"], "result0": ["obj58__280", "obj58__285", "obj58__290", "obj58__295", "obj58__300", "obj58__305", "obj58__310", "obj58__315", "obj58__320", "obj58__325", "obj58__330"], "result1": [], "result2": [0.0, 5900.760189051706, 6409.59599905712, 6169.083715345001, 6555.872850666823, 6400.5527472532285, 6502.148445482167, 6902.56452226969, 6971.576433144587, 7365.63263278076, 7343.794901376746], "result3": [0.0, 29417.983780847862, 34072.801032627, 32819.218565009534, 34422.45449785888, 35081.78759974241, 37754.08002898283, 38432.55871116929, 38518.0166530516, 38707.16808483936, 37683.822114357725]}