{"dataset": ["obj56__230", "obj56__235", "obj56__240", "obj56__245", "obj56__250", "obj56__255", "obj56__260", "obj56__265", "obj56__270", "obj56__275", "obj56__280"], "result0": ["obj56__230", "obj56__235", "obj56__240", "obj56__245", "obj56__250", "obj56__255", "obj56__260", "obj56__265", "obj56__270", "obj56__275", "obj56__280"], "result1": [], "result2": [0.0, 2420.023412689335, 2585.4376953865617, 2967.0750738007664, 3069.6159887184886, 3157.5742702350967, 3506.178149578759, 3727.5830921810816, 3907.8729218194308, 3931.485622603025, 4681.567546106698], "result3": [0.0, 12581.399375921115, 13465.689734213054, 13839.151089303195, 14355.749804787338, 13442.857091397047, 16475.149443769827, 17343.988223439083, 17232.91712395847, 17511.268573589623, 17931.298923658207]}