{"dataset": ["obj52__20", "obj52__25", "obj52__30", "obj52__35", "obj52__40", "obj52__45", "obj52__50", "obj52__55", "obj52__60", "obj52__65", "obj52__70"], "result0": ["obj52__20", "obj52__25", "obj52__30", "obj52__35", "obj52__40", "obj52__45", "obj52__50", "obj52__55", "obj52__60", "obj52__65", "obj52__70"], "result1": [], "result2": [0.0, 4665.167935320704, 5585.125697901367, 8496.546344413977, 9456.056257318492, 11277.12546002686, 12938.653506993362, 14011.305244315188, 15830.32173653958, 15795.107634613973, 15909.227886970879], "result3": [0.0, 18593.43599334918, 24801.28381776996, 31093.357050843537, 35670.98622461222, 37828.793700158596, 40010.89577783458, 40991.81899153814, 42260.00411888212, 41903.24622566812, 42449.52939188294]}