{"dataset": ["obj58__60", "obj58__65", "obj58__70", "obj58__75", "obj58__80", "obj58__85", "obj58__90", "obj58__95", "obj58__100", "obj58__105", "obj58__110"], "result0": ["obj58__60", "obj58__65", "obj58__70", "obj58__75", "obj58__80", "obj58__85", "obj58__90", "obj58__95", "obj58__100", "obj58__105", "obj58__110"], "result1": [], "result2": [0.0, 6470.983255058045, 6357.976935549688, 6691.372329890725, 7087.180192645015, 7129.864144235216, 6969.4539601978795, 7455.893551998295, 7821.073218177496, 7840.639415335556, 8379.210180473221], "result3": [0.0, 27762.319374727085, 33451.604803316295, 34085.81465747766, 33031.193901747465, 34837.25260633975, 35423.805877326056, 35849.887059792876, 39726.87884173915, 40089.283215571195, 40809.263442099094]}