{"dataset": ["obj58__115", "obj58__120", "obj58__125", "obj58__130", "obj58__135", "obj58__140", "obj58__145", "obj58__150", "obj58__155", "obj58__160", "obj58__165"], "result0": ["obj58__115", "obj58__120", "obj58__125", "obj58__130", "obj58__135", "obj58__140", "obj58__145", "obj58__150", "obj58__155", "obj58__160", "obj58__165"], "result1": [], "result2": [0.0, 5365.029872259958, 5053.315760124706, 5957.787265195378, 5587.074212190984, 5715.0280479448975, 5437.146966241276, 5779.451267147873, 5997.075877653546, 6167.509133097198, 6005.459739336648], "result3": [0.0, 29119.34354158491, 34935.20002510212, 37496.469913622364, 35969.71736484766, 35609.66363492049, 34963.73509540409, 38733.46613663249, 38413.73049652949, 38153.08368355408, 36782.975554499775]}