{"dataset": ["obj5__0", "obj5__5", "obj5__10", "obj5__15", "obj5__20", "obj5__25", "obj5__30", "obj5__35", "obj5__40", "obj5__45", "obj5__50"], "result0": ["obj5__0", "obj5__5", "obj5__10", "obj5__15", "obj5__20", "obj5__25", "obj5__30", "obj5__35", "obj5__40", "obj5__45", "obj5__50"], "result1": [], "result2": [0.0, 1549.8163482710802, 2418.978272020617, 2835.4635795923596, 3122.508190055964, 3201.2929167955463, 3462.149647066685, 3281.956819779068, 3800.279535327726, 3514.8947522952744, 3785.0216161525236], "result3": [0.0, 14513.80438902229, 20992.723971502855, 22644.116057848558, 24060.148386526853, 23447.190337494016, 25611.193940119818, 26993.645122498274, 26381.123355476186, 27279.56372151524, 28563.512265417725]}