{"dataset": ["obj54__180", "obj54__185", "obj54__190", "obj54__195", "obj54__200", "obj54__205", "obj54__210", "obj54__215", "obj54__220", "obj54__225", "obj54__230"], "result0": ["obj54__180", "obj54__185", "obj54__190", "obj54__195", "obj54__200", "obj54__205", "obj54__210", "obj54__215", "obj54__220", "obj54__225", "obj54__230"], "result1": [], "result2": [0.0, 3369.5111007260807, 4728.246816741556, 5084.686116307252, 5451.439389365738, 5716.565412068091, 7321.7970774192245, 8395.25886247041, 8948.280659997305, 9359.520830986225, 11380.781577996415], "result3": [0.0, 35674.482610978186, 55455.14482662827, 63922.479783521965, 69345.11834838055, 71695.6497376915, 74539.64672124945, 76912.03861278854, 78225.02701184899, 78017.14565915987, 81195.73178477027]}