{"dataset": ["obj53__100", "obj53__105", "obj53__110", "obj53__115", "obj53__120", "obj53__125", "obj53__130", "obj53__135", "obj53__140", "obj53__145", "obj53__150"], "result0": ["obj53__100", "obj53__105", "obj53__110", "obj53__115", "obj53__120", "obj53__125", "obj53__130", "obj53__135", "obj53__140", "obj53__145", "obj53__150"], "result1": [], "result2": [0.0, 3678.1840897272373, 4184.8387661510205, 4571.625260901286, 4536.305296266491, 4749.351609913298, 4773.474066220565, 5049.937841746327, 5287.370279179525, 5261.964392677017, 5375.679052827354], "result3": [0.0, 24378.857246434316, 32191.44849834405, 40378.2434280701, 43017.313094798476, 46112.04878893122, 47952.8252752386, 48886.2497261446, 49840.39462775737, 50233.54673873447, 50659.4519323837]}