{"dataset": ["obj53__265", "obj53__270", "obj53__275", "obj53__280", "obj53__285", "obj53__290", "obj53__295", "obj53__300", "obj53__305", "obj53__310", "obj53__315"], "result0": ["obj53__265", "obj53__270", "obj53__275", "obj53__280", "obj53__285", "obj53__290", "obj53__295", "obj53__300", "obj53__305", "obj53__310", "obj53__315"], "result1": [], "result2": [0.0, 3945.3665873132672, 6144.052866566675, 6851.9216383151825, 6621.859883576617, 7731.700068256174, 7686.4929696521485, 7577.891719661394, 8790.254331081891, 8255.55244415638, 8264.347462831864], "result3": [0.0, 32216.918260557577, 41620.61932632513, 45878.576056253165, 46712.93149429001, 47442.62529922649, 48021.234740378335, 48442.99455872737, 49037.57844994776, 49735.765884485096, 50405.523030765355]}