{"dataset": ["obj54__125", "obj54__130", "obj54__135", "obj54__140", "obj54__145", "obj54__150", "obj54__155", "obj54__160", "obj54__165", "obj54__170", "obj54__175"], "result0": ["obj54__125", "obj54__130", "obj54__135", "obj54__140", "obj54__145", "obj54__150", "obj54__155", "obj54__160", "obj54__165", "obj54__170", "obj54__175"], "result1": [], "result2": [0.0, 6171.7022862681215, 7358.931304579842, 8975.940524037052, 8971.479365671405, 9567.198278394475, 10372.327576734193, 11138.746603866652, 11447.813343100026, 10715.166125577902, 10811.242138015014], "result3": [0.0, 41841.67200853862, 59392.26196304895, 67867.03898021393, 72952.00771942921, 75156.91408345848, 78983.39870190248, 80515.0013942048, 82427.00109011307, 83729.53281096742, 84034.17971656844]}