{"dataset": ["obj59__30", "obj59__35", "obj59__40", "obj59__45", "obj59__50", "obj59__55", "obj59__60", "obj59__65", "obj59__70", "obj59__75", "obj59__80"], "result0": ["obj59__30", "obj59__35", "obj59__40", "obj59__45", "obj59__50", "obj59__55", "obj59__60", "obj59__65", "obj59__70", "obj59__75", "obj59__80"], "result1": [], "result2": [0.0, 7242.097284002589, 9866.421776602616, 9778.308675799837, 11183.537895979762, 13007.700651761063, 14192.07519889014, 15662.100765246647, 16684.718957814155, 16753.188617216747, 16369.880579882167], "result3": [0.0, 39891.28648593649, 57622.40794926509, 68508.17614372447, 70271.32936436683, 69384.81601832248, 71624.22461536527, 75011.21424932219, 78877.35375298373, 81054.18761854246, 79090.45382934436]}