{"dataset": ["obj5__110", "obj5__115", "obj5__120", "obj5__125", "obj5__130", "obj5__135", "obj5__140", "obj5__145", "obj5__150", "obj5__155", "obj5__160"], "result0": ["obj5__110", "obj5__115", "obj5__120", "obj5__125", "obj5__130", "obj5__135", "obj5__140", "obj5__145", "obj5__150", "obj5__155", "obj5__160"], "result1": [], "result2": [0.0, 2977.661030993212, 3343.50589085996, 3179.450338287344, 3297.2376716886574, 3473.29582287368, 3537.9051542264087, 3349.1368589351173, 3573.3106233641824, 3568.1779649996433, 3373.648357468235], "result3": [0.0, 19013.76043224521, 22618.331853257492, 22966.017937177792, 25188.260716861114, 26750.461101941764, 27646.55166993104, 25597.756116198376, 26914.083228791133, 26366.045356472954, 25439.65905500017]}