{"dataset": ["obj53__155", "obj53__160", "obj53__165", "obj53__170", "obj53__175", "obj53__180", "obj53__185", "obj53__190", "obj53__195", "obj53__200", "obj53__205"], "result0": ["obj53__155", "obj53__160", "obj53__165", "obj53__170", "obj53__175", "obj53__180", "obj53__185", "obj53__190", "obj53__195", "obj53__200", "obj53__205"], "result1": [], "result2": [0.0, 3018.2247554902965, 4999.003458516676, 5946.21034996986, 6729.2791804918, 7743.688693608502, 6862.411887638507, 7262.986836602161, 6924.749571635998, 6396.083527985548, 5284.95375429962], "result3": [0.0, 27027.19877385907, 38280.92511905916, 45582.11121915653, 51295.26998459548, 52728.705964170396, 52548.17003122531, 53566.829347047955, 53332.687621423975, 52224.16269781068, 50305.545353509486]}