{"dataset": ["obj54__0", "obj54__5", "obj54__10"], "result0": ["obj54__0", "obj54__5", "obj54__10"], "result1": [], "result2": [0.0, 4239.742138578713, 5416.132566115627], "result3": [0.0, 44055.6775712464, 62296.07782399841]}