{"dataset": ["obj57__145", "obj57__150", "obj57__155", "obj57__160", "obj57__165", "obj57__170", "obj57__175", "obj57__180", "obj57__185", "obj57__190", "obj57__195"], "result0": ["obj57__145", "obj57__150", "obj57__155", "obj57__160", "obj57__165", "obj57__170", "obj57__175", "obj57__180", "obj57__185", "obj57__190", "obj57__195"], "result1": [], "result2": [0.0, 6270.8095577777085, 7571.317711445997, 10829.434749192598, 11661.287508079764, 10799.519773752587, 12278.275889043458, 14451.849853969208, 14585.951291731246, 14262.258772677864, 15252.723499407242], "result3": [0.0, 42047.17852976918, 55114.83954867348, 60345.04957641661, 63972.98487260938, 70572.91766314209, 72511.74154748768, 76410.88807978667, 80058.14924169146, 79013.95441905968, 77941.09200454317]}