{"dataset": ["obj55__0", "obj55__5", "obj55__10", "obj55__15", "obj55__20", "obj55__25", "obj55__30", "obj55__35"], "result0": ["obj55__0", "obj55__5", "obj55__10", "obj55__15", "obj55__20", "obj55__25", "obj55__30", "obj55__35"], "result1": [], "result2": [0.0, 3595.714501107736, 6147.111691171772, 6941.022071205061, 8028.294757785625, 7562.706646190213, 7536.2226040494725, 8450.30831569864], "result3": [0.0, 31409.085173571482, 52503.200658682734, 60875.73155310191, 67754.49943442456, 69876.34684419446, 70576.93305198662, 73459.09924102202]}