{"dataset": ["obj56__175", "obj56__180", "obj56__185", "obj56__190", "obj56__195", "obj56__200", "obj56__205", "obj56__210", "obj56__215", "obj56__220", "obj56__225"], "result0": ["obj56__175", "obj56__180", "obj56__185", "obj56__190", "obj56__195", "obj56__200", "obj56__205", "obj56__210", "obj56__215", "obj56__220", "obj56__225"], "result1": [], "result2": [0.0, 2503.070492336603, 2595.174596803081, 2814.1149226274556, 2769.2750407102135, 2979.624313559562, 2987.547064899611, 3116.0890643665466, 2953.3389979221397, 3197.1391631786946, 3603.3220010704576], "result3": [0.0, 10658.366574641317, 12202.551386617124, 12490.820601701736, 13796.545784359798, 14207.839722391218, 14764.419007785618, 15762.536646407098, 15282.53974190168, 16148.185212647542, 15723.846122555435]}