{"dataset": ["obj59__0", "obj59__5", "obj59__10", "obj59__15", "obj59__20", "obj59__25"], "result0": ["obj59__0", "obj59__5", "obj59__10", "obj59__15", "obj59__20", "obj59__25"], "result1": [], "result2": [0.0, 6441.756246151289, 9403.517427129482, 9300.157514524084, 10018.746085162462, 11041.2044836857], "result3": [0.0, 45696.14343611151, 67874.42232942767, 73721.15875968523, 77477.001279803, 84171.36135729589]}