{"dataset": ["obj54__70", "obj54__75", "obj54__80", "obj54__85", "obj54__90", "obj54__95", "obj54__100", "obj54__105", "obj54__110", "obj54__115", "obj54__120"], "result0": ["obj54__70", "obj54__75", "obj54__80", "obj54__85", "obj54__90", "obj54__95", "obj54__100", "obj54__105", "obj54__110", "obj54__115", "obj54__120"], "result1": [], "result2": [0.0, 7853.144938395824, 10616.465918614831, 13553.679820746263, 16089.31231682015, 15083.889707612245, 13220.36269539289, 11312.768822259692, 10104.729129976553, 10008.365125208638, 10528.999147122442], "result3": [0.0, 55606.465531077236, 72351.15423271433, 83387.9890885707, 93418.88464391045, 95944.33337842673, 96651.74072875828, 97715.03634808771, 99670.6739131771, 97570.32356704399, 96982.48252732307]}