{"dataset": ["obj52__295", "obj52__300", "obj52__305", "obj52__310", "obj52__315", "obj52__320", "obj52__325", "obj52__330", "obj52__335", "obj52__340", "obj52__345"], "result0": ["obj52__295", "obj52__300", "obj52__305", "obj52__310", "obj52__315", "obj52__320", "obj52__325", "obj52__330", "obj52__335", "obj52__340", "obj52__345"], "result1": [], "result2": [0.0, 2717.414068435863, 4389.1981624903365, 6495.415014425954, 8221.08400478257, 9735.813923426631, 12174.870663480648, 13297.956789077627, 14943.602967287568, 15165.044389614906, 17026.462193887382], "result3": [0.0, 13222.149575801566, 18831.074997005984, 24179.108837537467, 29078.84568080306, 33254.99035879783, 36377.13101541996, 38917.7851617448, 40541.19332406297, 42520.550789337605, 43361.14980956912]}