{"dataset": ["obj51__105", "obj51__110", "obj51__115", "obj51__120", "obj51__125", "obj51__130", "obj51__135", "obj51__140", "obj51__145", "obj51__150", "obj51__155"], "result0": ["obj51__105", "obj51__110", "obj51__115", "obj51__120", "obj51__125", "obj51__130", "obj51__135", "obj51__140", "obj51__145", "obj51__150", "obj51__155"], "result1": [], "result2": [0.0, 6896.920471664177, 9026.08406923028, 11789.716300385538, 15084.393753316393, 16714.757151691716, 19075.270969494744, 20180.40399115008, 20166.178119374963, 20258.999592654418, 20454.86508665641], "result3": [0.0, 23345.59731879458, 33937.88888750784, 39346.98434269242, 44205.62479264662, 46768.9065638911, 49888.405705846846, 50391.63454978913, 51689.52054971084, 52102.44317014702, 51147.193802887574]}