{"dataset": ["obj56__285", "obj56__290", "obj56__295", "obj56__300", "obj56__305", "obj56__310", "obj56__315", "obj56__320", "obj56__325", "obj56__330", "obj56__335"], "result0": ["obj56__285", "obj56__290", "obj56__295", "obj56__300", "obj56__305", "obj56__310", "obj56__315", "obj56__320", "obj56__325", "obj56__330", "obj56__335"], "result1": [], "result2": [0.0, 3277.6261647639326, 3277.8407303773174, 3260.8441286487828, 4541.573260055509, 4806.174890012567, 4777.869413789434, 5633.441505640141, 5492.4020345791705, 5846.195570528395, 5728.704419206744], "result3": [0.0, 14738.30280279927, 14772.766967523843, 15246.929329708219, 14560.18187699467, 15980.86870329082, 16091.06474128738, 20276.845194691792, 20257.514686515555, 20880.43215548992, 21563.61056241207]}