{"dataset": ["obj50__135", "obj50__140", "obj50__145", "obj50__150", "obj50__155", "obj50__160", "obj50__165", "obj50__170", "obj50__175", "obj50__180", "obj50__185"], "result0": ["obj50__135", "obj50__140", "obj50__145", "obj50__150", "obj50__155", "obj50__160", "obj50__165", "obj50__170", "obj50__175", "obj50__180", "obj50__185"], "result1": [], "result2": [0.0, 1624.7171900318335, 1872.5597251246181, 4095.1452181613245, 2681.9114905308275, 2189.636201705429, 5427.01986746317, 2310.442081262806, 2062.2078579435256, 2611.996462385438, 2465.7983821247494], "result3": [0.0, 8337.609853506088, 8733.26144556515, 15940.924542527646, 12106.077935818583, 9800.916417859495, 21974.07856832631, 10334.040353273973, 10006.585243968293, 10539.596038550138, 11695.3853570465]}