{"dataset": ["obj51__0", "obj51__5", "obj51__10", "obj51__15", "obj51__20", "obj51__25", "obj51__30", "obj51__35", "obj51__40", "obj51__45"], "result0": ["obj51__0", "obj51__5", "obj51__10", "obj51__15", "obj51__20", "obj51__25", "obj51__30", "obj51__35", "obj51__40", "obj51__45"], "result1": [], "result2": [0.0, 7836.228643275113, 9056.43524890999, 9462.084676316272, 8960.824749558344, 8705.044867571316, 10366.900955724062, 11323.020047416636, 12092.701375343002, 12929.591244981812], "result3": [0.0, 19507.518824916333, 27678.18986468017, 33418.49483726174, 36437.55408608727, 37418.34387481399, 40506.676371535286, 42613.16797054, 44378.82344782725, 44646.14342759363]}