{"dataset": ["obj51__160", "obj51__165", "obj51__170", "obj51__175", "obj51__180", "obj51__185", "obj51__190", "obj51__195", "obj51__200", "obj51__205", "obj51__210"], "result0": ["obj51__160", "obj51__165", "obj51__170", "obj51__175", "obj51__180", "obj51__185", "obj51__190", "obj51__195", "obj51__200", "obj51__205", "obj51__210"], "result1": [], "result2": [0.0, 4450.730561901823, 7502.495168444791, 7753.780792777935, 8056.965270484981, 8100.513038997891, 8343.936145140406, 8605.01723464879, 8461.163880174205, 8611.611469046355, 8763.251170201955], "result3": [0.0, 21239.48781907186, 29395.63043436967, 32755.68249683827, 36047.76313299872, 38617.9870446343, 38865.86393463425, 38591.95090801269, 38669.4639207311, 38745.80796432495, 39637.25340609066]}