{"dataset": ["obj56__120", "obj56__125", "obj56__130", "obj56__135", "obj56__140", "obj56__145", "obj56__150", "obj56__155", "obj56__160", "obj56__165", "obj56__170"], "result0": ["obj56__120", "obj56__125", "obj56__130", "obj56__135", "obj56__140", "obj56__145", "obj56__150", "obj56__155", "obj56__160", "obj56__165", "obj56__170"], "result1": [], "result2": [0.0, 2967.564466873066, 3276.2347830570066, 3441.67595823166, 3476.143761396541, 3191.0822269610117, 3617.494983096585, 3884.0501470601944, 4002.942377485687, 3911.877911086573, 3867.180539043279], "result3": [0.0, 12593.603438384831, 14083.877730604261, 13890.413957372308, 13780.300901569426, 13780.844466054812, 14195.868169363588, 16284.605129649863, 17323.6005644612, 16527.15762216784, 16164.25018000044]}