{"dataset": ["obj55__260", "obj55__265", "obj55__270", "obj55__275", "obj55__280", "obj55__285", "obj55__290", "obj55__295", "obj55__300", "obj55__305", "obj55__310"], "result0": ["obj55__260", "obj55__265", "obj55__270", "obj55__275", "obj55__280", "obj55__285", "obj55__290", "obj55__295", "obj55__300", "obj55__305", "obj55__310"], "result1": [], "result2": [0.0, 5084.841392519435, 5555.264316096247, 6166.17606535304, 6019.354256339438, 5951.405756085841, 6449.3094882749565, 8282.12464963649, 9192.062768140133, 10587.181923046588, 11321.682574330205], "result3": [0.0, 22832.27462748438, 33617.482262235135, 42487.51732455753, 46733.09945641644, 51432.76383327879, 55042.39669061452, 59562.86840951629, 64108.71988771483, 69275.65712376125, 74705.20610225014]}