{"dataset": ["obj55__150", "obj55__155", "obj55__160", "obj55__165", "obj55__170", "obj55__175", "obj55__180", "obj55__185", "obj55__190", "obj55__195", "obj55__200"], "result0": ["obj55__150", "obj55__155", "obj55__160", "obj55__165", "obj55__170", "obj55__175", "obj55__180", "obj55__185", "obj55__190", "obj55__195", "obj55__200"], "result1": [], "result2": [0.0, 4675.758798440268, 6809.544022970073, 7762.813368759971, 7565.995575947893, 6838.878163860804, 6374.730045551513, 6692.729324709337, 7520.738128252924, 7118.550571336044, 6770.979139987823], "result3": [0.0, 27161.80378804356, 39284.938845919445, 49141.62119019218, 55677.73701498844, 58448.063682254404, 62073.19427631982, 66176.42169501074, 68581.07909112051, 69272.83550166897, 69376.36519439332]}