{"dataset": ["obj50__25", "obj50__30", "obj50__35", "obj50__40", "obj50__45", "obj50__50", "obj50__55", "obj50__60", "obj50__65", "obj50__70", "obj50__75"], "result0": ["obj50__25", "obj50__30", "obj50__35", "obj50__40", "obj50__45", "obj50__50", "obj50__55", "obj50__60", "obj50__65", "obj50__70", "obj50__75"], "result1": [], "result2": [0.0, 2285.6067752777763, 2398.676433705498, 2513.1388768710235, 2659.468239286417, 1999.5002963079837, 2286.3674917143762, 2270.945870495161, 4236.152504468226, 2481.8457276475897, 2707.3539616095386], "result3": [0.0, 13201.004222799093, 13241.805608950555, 14942.570326488465, 13570.22648169659, 10751.335004467517, 11159.773415520787, 11747.610998123884, 20492.56604305096, 13078.153785860166, 14630.022567734122]}