{"dataset": ["obj5__220", "obj5__225", "obj5__230", "obj5__235", "obj5__240", "obj5__245", "obj5__250", "obj5__255", "obj5__260", "obj5__265", "obj5__270"], "result0": ["obj5__220", "obj5__225", "obj5__230", "obj5__235", "obj5__240", "obj5__245", "obj5__250", "obj5__255", "obj5__260", "obj5__265", "obj5__270"], "result1": [], "result2": [0.0, 2885.600364941158, 2998.137316613648, 3422.159279797893, 3519.9315115150025, 3312.770689512729, 3379.5406334857717, 3682.8705993850276, 3995.213050665742, 4000.6148476696862, 4039.743968109592], "result3": [0.0, 18084.588919382542, 20196.536547562107, 21657.073617812246, 22439.383852414787, 20178.196394862607, 21714.99622404203, 22952.1632546708, 25924.821080708876, 25438.633958736435, 26691.221562994644]}