{"dataset": ["obj58__225", "obj58__230", "obj58__235", "obj58__240", "obj58__245", "obj58__250", "obj58__255", "obj58__260", "obj58__265", "obj58__270", "obj58__275"], "result0": ["obj58__225", "obj58__230", "obj58__235", "obj58__240", "obj58__245", "obj58__250", "obj58__255", "obj58__260", "obj58__265", "obj58__270", "obj58__275"], "result1": [], "result2": [0.0, 5648.191584480869, 6167.139747347158, 6012.962190726912, 6056.613351966895, 4828.460129673979, 5375.0489617222165, 5518.655458975417, 6728.509409928173, 7091.898797805502, 8024.151637555199], "result3": [0.0, 24575.11909763515, 26074.118818949908, 30057.719571786, 27931.60902152583, 26872.781224371865, 28884.742100495845, 31325.286736115813, 32313.29647755623, 32211.56660877168, 32624.71266498603]}