{"dataset": ["obj51__50", "obj51__55", "obj51__60", "obj51__65", "obj51__70", "obj51__75", "obj51__80", "obj51__85", "obj51__90", "obj51__95", "obj51__100"], "result0": ["obj51__50", "obj51__55", "obj51__60", "obj51__65", "obj51__70", "obj51__75", "obj51__80", "obj51__85", "obj51__90", "obj51__95", "obj51__100"], "result1": [], "result2": [0.0, 6151.360507611901, 9830.897754228281, 12584.030989210114, 15114.56381762275, 17048.47959467848, 19268.306495528574, 21282.289891931723, 23492.90354956869, 23035.77006578269, 21084.668094620378], "result3": [0.0, 19924.654006574303, 32898.96007535048, 38902.11082723923, 42578.41056272015, 44789.38810537569, 47101.44004472345, 48535.571146836504, 50027.66445345804, 49819.54733587243, 50225.21818130277]}