{"dataset": ["obj5__275", "obj5__280", "obj5__285", "obj5__290", "obj5__295", "obj5__300", "obj5__305", "obj5__310", "obj5__315", "obj5__320", "obj5__325"], "result0": ["obj5__275", "obj5__280", "obj5__285", "obj5__290", "obj5__295", "obj5__300", "obj5__305", "obj5__310", "obj5__315", "obj5__320", "obj5__325"], "result1": [], "result2": [0.0, 2084.0434680354256, 2593.629477571108, 2855.368805197928, 3275.6241766520716, 3528.40840775366, 3557.9967221074508, 3815.3008953688045, 3943.0162379453463, 3881.8735862423555, 4104.955675597412], "result3": [0.0, 12525.75193137303, 16724.837279699743, 19174.281578036025, 20480.05079686828, 21404.560689419508, 23276.46346637048, 22886.22729566507, 24258.43204364367, 25319.390718424693, 26425.024605510756]}