{"dataset": ["obj52__0", "obj52__5", "obj52__10", "obj52__15"], "result0": ["obj52__0", "obj52__5", "obj52__10", "obj52__15"], "result1": [], "result2": [0.0, 3040.817675791894, 4653.463654118063, 5312.3137528065035], "result3": [0.0, 16928.35477651097, 25186.838011769578, 28420.67218600586]}