{"dataset": ["obj52__75", "obj52__80", "obj52__85", "obj52__90", "obj52__95", "obj52__100", "obj52__105", "obj52__110", "obj52__115", "obj52__120", "obj52__125"], "result0": ["obj52__75", "obj52__80", "obj52__85", "obj52__90", "obj52__95", "obj52__100", "obj52__105", "obj52__110", "obj52__115", "obj52__120", "obj52__125"], "result1": [], "result2": [0.0, 2309.781135767419, 3223.53374502134, 3682.9325627686812, 4328.658582847024, 4483.678574557871, 4682.447194501891, 4944.381864022156, 4792.501810693979, 4827.6582727093955, 6931.81714565522], "result3": [0.0, 10601.575200118124, 14707.795068465173, 16792.056662352756, 19279.333187026903, 22155.06144231558, 24045.614713950083, 25670.858049994335, 26744.493961540982, 27410.997700113803, 28722.864031007513]}