{"dataset": ["obj59__85", "obj59__90", "obj59__95", "obj59__100", "obj59__105", "obj59__110", "obj59__115", "obj59__120", "obj59__125", "obj59__130", "obj59__135"], "result0": ["obj59__85", "obj59__90", "obj59__95", "obj59__100", "obj59__105", "obj59__110", "obj59__115", "obj59__120", "obj59__125", "obj59__130", "obj59__135"], "result1": [], "result2": [0.0, 5411.718475027684, 6562.1798309000715, 5815.17272487223, 6753.826896825032, 7244.35246706379, 6682.152070748204, 8324.56881241167, 10270.529223347638, 12669.23433732674, 14067.69936646595], "result3": [0.0, 26506.265983253717, 39094.841014182195, 41218.67626358755, 45930.33051528968, 46069.38974677585, 46310.97320973128, 51410.776324735954, 59426.59093604237, 64771.0786740575, 70033.70986078121]}