{"dataset": ["obj57__90", "obj57__95", "obj57__100", "obj57__105", "obj57__110", "obj57__115", "obj57__120", "obj57__125", "obj57__130", "obj57__135", "obj57__140"], "result0": ["obj57__90", "obj57__95", "obj57__100", "obj57__105", "obj57__110", "obj57__115", "obj57__120", "obj57__125", "obj57__130", "obj57__135", "obj57__140"], "result1": [], "result2": [0.0, 4599.937991878204, 7182.770255618363, 9704.252588631927, 12229.885052015723, 15180.84419855133, 15838.733470720104, 18052.974023264906, 19586.899027430605, 22001.97723990131, 22536.095935174133], "result3": [0.0, 34082.686979027465, 44178.660148056224, 51117.35828101821, 55870.65028382093, 60948.72727722488, 64068.2796138376, 66839.35810138099, 69814.18614074774, 73685.98617178947, 77416.47341964394]}