{"dataset": ["obj50__190", "obj50__195", "obj50__200", "obj50__205", "obj50__210", "obj50__215", "obj50__220", "obj50__225", "obj50__230", "obj50__235", "obj50__240"], "result0": ["obj50__190", "obj50__195", "obj50__200", "obj50__205", "obj50__210", "obj50__215", "obj50__220", "obj50__225", "obj50__230", "obj50__235", "obj50__240"], "result1": [], "result2": [0.0, 2980.149375703604, 2424.259872680736, 2169.2676519261927, 2257.6879548844718, 2832.1307612735013, 2683.290864214509, 3350.18386008537, 2476.345944567689, 2486.96282256356, 2883.6863184833087], "result3": [0.0, 12019.410121962428, 8570.79777363874, 8589.305083051324, 8352.164976354688, 10322.170492155477, 9726.382922735065, 13452.387272177264, 9455.764975352213, 9607.219288213179, 11482.465044666082]}