{"dataset": ["obj52__130", "obj52__135", "obj52__140", "obj52__145", "obj52__150", "obj52__155", "obj52__160", "obj52__165", "obj52__170", "obj52__175", "obj52__180"], "result0": ["obj52__130", "obj52__135", "obj52__140", "obj52__145", "obj52__150", "obj52__155", "obj52__160", "obj52__165", "obj52__170", "obj52__175", "obj52__180"], "result1": [], "result2": [0.0, 5515.945173920419, 6798.78569672948, 8992.136061624942, 11409.183475334125, 12125.482133994563, 13098.189690084042, 15214.065251935019, 15089.962809709621, 15278.612277601906, 15412.310627489718], "result3": [0.0, 12094.766772633418, 16392.60175297968, 21581.26660292223, 24094.81348342076, 26757.486857097596, 28587.872804058716, 29314.18691930175, 31469.507128527388, 32050.802971964702, 32672.697857309133]}