{"dataset": ["obj54__15", "obj54__20", "obj54__25", "obj54__30", "obj54__35", "obj54__40", "obj54__45", "obj54__50", "obj54__55", "obj54__60", "obj54__65"], "result0": ["obj54__15", "obj54__20", "obj54__25", "obj54__30", "obj54__35", "obj54__40", "obj54__45", "obj54__50", "obj54__55", "obj54__60", "obj54__65"], "result1": [], "result2": [0.0, 4340.641993021213, 5525.0085307279405, 6079.209677074758, 6382.966876784692, 7146.964307371906, 9100.746702131835, 9265.166678439527, 11611.330392448437, 12656.115595793903, 14556.081759855857], "result3": [0.0, 41859.905472595245, 53752.18410567194, 62644.9469353538, 67007.18208106235, 69650.37836279348, 73890.31538691372, 76390.04404230416, 80420.15516721271, 85826.83564356528, 90433.08484989963]}