{"dataset": ["obj53__210", "obj53__215", "obj53__220", "obj53__225", "obj53__230", "obj53__235", "obj53__240", "obj53__245", "obj53__250", "obj53__255", "obj53__260"], "result0": ["obj53__210", "obj53__215", "obj53__220", "obj53__225", "obj53__230", "obj53__235", "obj53__240", "obj53__245", "obj53__250", "obj53__255", "obj53__260"], "result1": [], "result2": [0.0, 2741.267224310503, 3592.137610642529, 4175.511966696118, 4477.139511538299, 4618.20863523024, 5057.324777244071, 5660.176394211252, 6869.576355364935, 6726.210902255317, 7266.169128109834], "result3": [0.0, 19334.50180080533, 28968.77108008787, 34683.33836235665, 39018.29337502085, 41327.648630004376, 44386.521640725434, 45307.374039581046, 46779.76351138018, 48707.89042654447, 51008.53803400509]}