{"dataset": ["obj50__80", "obj50__85", "obj50__90", "obj50__95", "obj50__100", "obj50__105", "obj50__110", "obj50__115", "obj50__120", "obj50__125", "obj50__130"], "result0": ["obj50__80", "obj50__85", "obj50__90", "obj50__95", "obj50__100", "obj50__105", "obj50__110", "obj50__115", "obj50__120", "obj50__125", "obj50__130"], "result1": [], "result2": [0.0, 2049.2283139734836, 1954.1564971590092, 2351.582075504898, 2669.3838651624696, 2295.8377089030732, 2375.625799585229, 2336.595432111757, 2274.795923714441, 2614.152528637218, 2302.4172457079726], "result3": [0.0, 8035.963385041803, 7240.464818602428, 10158.080303469673, 10760.411143129691, 9634.18763980642, 8812.91803651303, 9035.534811425954, 8853.962457122281, 10113.856425063685, 10240.572824601084]}