{"dataset": ["obj55__95", "obj55__100", "obj55__105", "obj55__110", "obj55__115", "obj55__120", "obj55__125", "obj55__130", "obj55__135", "obj55__140", "obj55__145"], "result0": ["obj55__95", "obj55__100", "obj55__105", "obj55__110", "obj55__115", "obj55__120", "obj55__125", "obj55__130", "obj55__135", "obj55__140", "obj55__145"], "result1": [], "result2": [0.0, 4428.817438852938, 5367.794903361883, 7176.934971937501, 7916.488810042384, 8749.088034979362, 10736.325557529006, 12211.070202814702, 12729.609768531609, 13657.697710795894, 15519.347678301388], "result3": [0.0, 20666.943756058812, 32787.45821417123, 44209.424850758165, 52899.912546219304, 57523.21113508567, 62474.2751509659, 66520.491450781, 69231.83102895133, 72767.43327883258, 74414.88840205781]}