{"dataset": ["obj5__55", "obj5__60", "obj5__65", "obj5__70", "obj5__75", "obj5__80", "obj5__85", "obj5__90", "obj5__95", "obj5__100", "obj5__105"], "result0": ["obj5__55", "obj5__60", "obj5__65", "obj5__70", "obj5__75", "obj5__80", "obj5__85", "obj5__90", "obj5__95", "obj5__100", "obj5__105"], "result1": [], "result2": [0.0, 2070.134485553148, 2442.2213110362063, 2805.687946466548, 2902.1302872103347, 3099.412070674582, 3433.5096129163526, 3566.506342674061, 3593.342877644499, 3721.1249073563094, 4282.535775947011], "result3": [0.0, 13279.804530100897, 18011.330727674067, 21774.057649653405, 24019.00103968568, 26099.481820754707, 27980.482892775908, 27521.486589752138, 27734.20020151697, 27691.36205569282, 29033.144249472767]}