{"dataset": ["obj54__290", "obj54__295", "obj54__300", "obj54__305", "obj54__310", "obj54__315", "obj54__320", "obj54__325", "obj54__330", "obj54__335", "obj54__340"], "result0": ["obj54__290", "obj54__295", "obj54__300", "obj54__305", "obj54__310", "obj54__315", "obj54__320", "obj54__325", "obj54__330", "obj54__335", "obj54__340"], "result1": [], "result2": [0.0, 8072.931765348806, 10219.16247958879, 11865.966392880913, 13379.389262834875, 14340.62924449079, 14694.817457471163, 15264.105342165742, 16395.10323107982, 16668.562938825566, 17031.21610706651], "result3": [0.0, 59957.98139269836, 74303.5552238673, 81852.91242952086, 85690.85568083264, 90480.74211058207, 93981.72051881254, 96947.16027607583, 98753.91014329158, 99412.21398224868, 99915.20446808822]}