{"dataset": ["obj59__140", "obj59__145", "obj59__150", "obj59__155", "obj59__160", "obj59__165", "obj59__170", "obj59__175", "obj59__180", "obj59__185", "obj59__190"], "result0": ["obj59__140", "obj59__145", "obj59__150", "obj59__155", "obj59__160", "obj59__165", "obj59__170", "obj59__175", "obj59__180", "obj59__185", "obj59__190"], "result1": [], "result2": [0.0, 7254.2464859584425, 9747.521182671719, 10808.590628644157, 11404.109864234775, 11386.121404977976, 12188.993163340894, 11592.671601861128, 11777.738746331781, 11401.482299156956, 11495.55237676334], "result3": [0.0, 35474.5366018042, 57508.56411008909, 71379.77559908107, 79054.86475922167, 81776.60950899497, 87718.2813567277, 87587.03394692577, 88257.55184092373, 86307.25231485441, 84161.52166371234]}