{"dataset": ["obj51__215", "obj51__220", "obj51__225", "obj51__230", "obj51__235", "obj51__240", "obj51__245", "obj51__250", "obj51__255", "obj51__260", "obj51__265"], "result0": ["obj51__215", "obj51__220", "obj51__225", "obj51__230", "obj51__235", "obj51__240", "obj51__245", "obj51__250", "obj51__255", "obj51__260", "obj51__265"], "result1": [], "result2": [0.0, 4729.164799797435, 7243.050912460156, 8714.60221955251, 10367.374209370444, 12769.595262545507, 14775.281856754116, 17202.16260174651, 19257.040632827084, 21325.7617463927, 23687.134026510084], "result3": [0.0, 20064.517405062914, 27364.704444732517, 33791.795709693804, 35986.18324474245, 38029.47715783492, 39967.4985760171, 41712.43814880587, 43203.68461538479, 44251.44057289697, 44798.67005763203]}