{"dataset": ["obj56__65", "obj56__70", "obj56__75", "obj56__80", "obj56__85", "obj56__90", "obj56__95", "obj56__100", "obj56__105", "obj56__110", "obj56__115"], "result0": ["obj56__65", "obj56__70", "obj56__75", "obj56__80", "obj56__85", "obj56__90", "obj56__95", "obj56__100", "obj56__105", "obj56__110", "obj56__115"], "result1": [], "result2": [0.0, 3065.4160946864563, 4063.8648379788774, 4310.041261456629, 4361.143988718314, 4317.344736662018, 4775.006844521384, 4742.514758484853, 4858.2624595936695, 5372.806146695, 5298.360330365588], "result3": [0.0, 14182.05607771501, 17476.382008571178, 18180.6303170491, 15927.150613518432, 16904.682079639286, 19544.18562217988, 18738.29736716859, 19536.420621348545, 20408.59548664093, 23393.695169441402]}