{"dataset": ["obj53__0", "obj53__5", "obj53__10", "obj53__15", "obj53__20", "obj53__25", "obj53__30", "obj53__35", "obj53__40"], "result0": ["obj53__0", "obj53__5", "obj53__10", "obj53__15", "obj53__20", "obj53__25", "obj53__30", "obj53__35", "obj53__40"], "result1": [], "result2": [0.0, 3104.70241727861, 3589.8319562900947, 4347.308721160788, 4458.489020071916, 5271.88310222634, 5161.7998083948305, 4888.2801609609405, 5290.350025854095], "result3": [0.0, 25550.480810483918, 36459.25336459465, 40628.417985139415, 42360.98612255417, 44900.71148446575, 46148.467622352764, 46558.00099469721, 46702.41450237483]}