{"dataset": ["obj55__205", "obj55__210", "obj55__215", "obj55__220", "obj55__225", "obj55__230", "obj55__235", "obj55__240", "obj55__245", "obj55__250", "obj55__255"], "result0": ["obj55__205", "obj55__210", "obj55__215", "obj55__220", "obj55__225", "obj55__230", "obj55__235", "obj55__240", "obj55__245", "obj55__250", "obj55__255"], "result1": [], "result2": [0.0, 5575.912944940224, 7030.547398998783, 7796.879760845969, 9702.077502656028, 9790.796373894666, 11168.513287178137, 11915.440642140224, 12977.595483752373, 14472.5062155957, 15029.31463796361], "result3": [0.0, 23352.692796602845, 38515.43946110085, 48699.92165053077, 55926.87282091938, 59461.8017395176, 62993.74176916666, 65477.29439736344, 68860.68795544468, 71580.85869376361, 73509.56516991928]}