{"dataset": ["obj50__245", "obj50__250", "obj50__255", "obj50__260", "obj50__265", "obj50__270", "obj50__275", "obj50__280", "obj50__285", "obj50__290", "obj50__295"], "result0": ["obj50__245", "obj50__250", "obj50__255", "obj50__260", "obj50__265", "obj50__270", "obj50__275", "obj50__280", "obj50__285", "obj50__290", "obj50__295"], "result1": [], "result2": [0.0, 2014.5408977907232, 1727.038916995184, 1743.5526214460597, 2235.6133200115005, 2295.99390544338, 2212.86847982041, 2344.8849349765946, 2427.57296392974, 2595.3470352866752, 3177.31896471324], "result3": [0.0, 5780.60028543137, 6690.245741685852, 7466.3281814567745, 8391.335367286578, 8779.098260525614, 7710.106585538015, 10442.800739079714, 9890.264247478917, 13070.400962341577, 15344.203225959092]}