{"dataset": ["obj5__165", "obj5__170", "obj5__175", "obj5__180", "obj5__185", "obj5__190", "obj5__195", "obj5__200", "obj5__205", "obj5__210", "obj5__215"], "result0": ["obj5__165", "obj5__170", "obj5__175", "obj5__180", "obj5__185", "obj5__190", "obj5__195", "obj5__200", "obj5__205", "obj5__210", "obj5__215"], "result1": [], "result2": [0.0, 1603.1049887513493, 1850.0463574668663, 2200.4435439267636, 2164.5691390902043, 2312.825418833491, 2819.4973021923975, 2778.671685772876, 2951.510510176255, 3154.8281097492268, 3514.7805736341975], "result3": [0.0, 11872.11596123688, 15519.133448785171, 19365.558223083615, 19441.653623461723, 20338.53335774876, 21879.237371262163, 22154.604765579104, 22899.631225835532, 24052.503826919943, 25268.81006255746]}