{"dataset": ["obj51__270", "obj51__275", "obj51__280", "obj51__285", "obj51__290", "obj51__295", "obj51__300", "obj51__305", "obj51__310", "obj51__315", "obj51__320"], "result0": ["obj51__270", "obj51__275", "obj51__280", "obj51__285", "obj51__290", "obj51__295", "obj51__300", "obj51__305", "obj51__310", "obj51__315", "obj51__320"], "result1": [], "result2": [0.0, 2618.5159894622566, 6057.60163634391, 9348.174826921793, 12379.928764681832, 15060.106959075578, 17744.16162380092, 18935.35871929976, 21901.05674937127, 23508.38193072746, 25042.21127557628], "result3": [0.0, 17792.498205924407, 30432.831820210442, 35001.244707264006, 39608.24798036553, 42684.45381438173, 44945.17886017822, 47418.66694801301, 48136.414382549, 49831.8412718568, 50031.54979584366]}