{"dataset": ["obj59__305", "obj59__310", "obj59__315", "obj59__320", "obj59__325", "obj59__330", "obj59__335", "obj59__340", "obj59__345", "obj59__350", "obj59__355"], "result0": ["obj59__305", "obj59__310", "obj59__315", "obj59__320", "obj59__325", "obj59__330", "obj59__335", "obj59__340", "obj59__345", "obj59__350", "obj59__355"], "result1": [], "result2": [0.0, 9772.19967774245, 11264.087328571915, 13731.83973853406, 14888.421946480446, 15763.605681969599, 16994.273894231304, 17400.56993295587, 16695.564829108815, 16553.79984980281, 17110.276791537457], "result3": [0.0, 67412.79231161624, 85763.64189164527, 94911.69736091979, 95936.61889752932, 97718.32367239147, 99809.15319344774, 98874.69280890375, 100498.3466243688, 100425.93081540056, 101697.18594125658]}