{"dataset": ["obj58__5", "obj58__10", "obj58__15", "obj58__20", "obj58__25", "obj58__30", "obj58__35", "obj58__40", "obj58__45", "obj58__50", "obj58__55"], "result0": ["obj58__5", "obj58__10", "obj58__15", "obj58__20", "obj58__25", "obj58__30", "obj58__35", "obj58__40", "obj58__45", "obj58__50", "obj58__55"], "result1": [], "result2": [0.0, 5632.12737430426, 6371.039662588486, 7035.414202646728, 6242.741109580327, 6902.6597930375665, 7521.2640423647845, 7703.797288122091, 7701.071404043615, 9201.986606559161, 8335.818395015092], "result3": [0.0, 29358.01331626624, 34779.267291389406, 34255.69390776381, 33325.12815958448, 34836.489528169855, 35692.41184655018, 38494.02816705592, 41069.83281146735, 40204.11225998029, 39360.16349709965]}