{"dataset": ["obj59__195", "obj59__200", "obj59__205", "obj59__210", "obj59__215", "obj59__220", "obj59__225", "obj59__230", "obj59__235", "obj59__240", "obj59__245"], "result0": ["obj59__195", "obj59__200", "obj59__205", "obj59__210", "obj59__215", "obj59__220", "obj59__225", "obj59__230", "obj59__235", "obj59__240", "obj59__245"], "result1": [], "result2": [0.0, 7283.254418262254, 9005.587819081687, 10312.441624136423, 11207.350505116468, 11778.812382787955, 11897.93396364131, 13807.588054333624, 14404.707984449295, 16256.08803138582, 15800.978807472808], "result3": [0.0, 52152.52639305033, 75480.0854319986, 83343.27522462793, 90287.70101963729, 88826.33258690126, 86079.8466475606, 92481.77993753552, 95168.41534875147, 100610.49617463537, 100362.89043798856]}