{"dataset": ["obj57__255", "obj57__260", "obj57__265", "obj57__270", "obj57__275", "obj57__280", "obj57__285", "obj57__290", "obj57__295", "obj57__300", "obj57__305"], "result0": ["obj57__255", "obj57__260", "obj57__265", "obj57__270", "obj57__275", "obj57__280", "obj57__285", "obj57__290", "obj57__295", "obj57__300", "obj57__305"], "result1": [], "result2": [0.0, 8911.134502628789, 12461.358295572756, 14050.14579799404, 14433.993044832623, 13554.560930848556, 11025.11677644376, 9221.887684138535, 10940.690158303612, 11605.771522218678, 12787.445380452795], "result3": [0.0, 42593.11046899855, 56376.093181861565, 62701.311594478786, 63240.556616073474, 62199.27317994088, 65347.27600665763, 64838.9305303134, 67068.96984972991, 67791.71536820382, 69457.66239671782]}