{"dataset": ["obj52__240", "obj52__245", "obj52__250", "obj52__255", "obj52__260", "obj52__265", "obj52__270", "obj52__275", "obj52__280", "obj52__285", "obj52__290"], "result0": ["obj52__240", "obj52__245", "obj52__250", "obj52__255", "obj52__260", "obj52__265", "obj52__270", "obj52__275", "obj52__280", "obj52__285", "obj52__290"], "result1": [], "result2": [0.0, 2576.423738547851, 3407.217325544867, 3671.754128487999, 4278.835875277292, 4627.348859427943, 4770.0150129687345, 4737.149334920899, 4783.152900566267, 4852.163166691163, 4651.325959334995], "result3": [0.0, 11747.811980880797, 18413.136019246653, 20807.954054344445, 23573.649311967194, 24716.70583484508, 25354.14747340791, 25907.94900652021, 26913.32648488693, 27369.23894260265, 27639.899702699855]}