{"dataset": ["obj52__185", "obj52__190", "obj52__195", "obj52__200", "obj52__205", "obj52__210", "obj52__215", "obj52__220", "obj52__225", "obj52__230", "obj52__235"], "result0": ["obj52__185", "obj52__190", "obj52__195", "obj52__200", "obj52__205", "obj52__210", "obj52__215", "obj52__220", "obj52__225", "obj52__230", "obj52__235"], "result1": [], "result2": [0.0, 2771.2641353009567, 4334.80402849863, 6114.000725131197, 7699.104715197423, 7844.377173784477, 10230.353013364333, 10917.274029840724, 12677.024001072075, 13549.402794123846, 15361.549533217767], "result3": [0.0, 8907.829489417374, 13047.024578735232, 17016.358407001942, 19867.75753667392, 22479.5952458214, 24961.67787594162, 27389.687694951892, 28450.675793971866, 29815.8642326463, 30787.971169630066]}