{"dataset": ["obj57__0", "obj57__5", "obj57__10", "obj57__15", "obj57__20", "obj57__25", "obj57__30"], "result0": ["obj57__0", "obj57__5", "obj57__10", "obj57__15", "obj57__20", "obj57__25", "obj57__30"], "result1": [], "result2": [0.0, 4376.538206171821, 6034.947934517494, 7461.596846406485, 8117.728886508019, 10588.366699052378, 10674.134582599723], "result3": [0.0, 29377.337176604196, 39963.46194923483, 45946.181126996875, 50485.4268653281, 52142.191768558696, 54572.32399073802]}