{"dataset": ["obj53__45", "obj53__50", "obj53__55", "obj53__60", "obj53__65", "obj53__70", "obj53__75", "obj53__80", "obj53__85", "obj53__90", "obj53__95"], "result0": ["obj53__45", "obj53__50", "obj53__55", "obj53__60", "obj53__65", "obj53__70", "obj53__75", "obj53__80", "obj53__85", "obj53__90", "obj53__95"], "result1": [], "result2": [0.0, 2511.488489257765, 3570.9946842057916, 4311.165836826138, 6148.183716134976, 6819.561567783199, 7356.690092858501, 7206.616353948023, 6994.153140923939, 8186.654136106995, 7607.420123843073], "result3": [0.0, 20337.294102855027, 29435.674401065335, 36458.3063276317, 40444.150665989146, 42729.62604890391, 44673.36748593114, 46092.50920076296, 47389.19625474699, 47217.97923476063, 47204.869222192094]}