{"dataset": ["obj57__200", "obj57__205", "obj57__210", "obj57__215", "obj57__220", "obj57__225", "obj57__230", "obj57__235", "obj57__240", "obj57__245", "obj57__250"], "result0": ["obj57__200", "obj57__205", "obj57__210", "obj57__215", "obj57__220", "obj57__225", "obj57__230", "obj57__235", "obj57__240", "obj57__245", "obj57__250"], "result1": [], "result2": [0.0, 5915.201576248174, 7726.540383853017, 8234.91220303133, 8683.094522398525, 10830.455331194647, 11355.89250613794, 13776.607312998998, 15010.47727509941, 16323.461161086892, 17893.422037655986], "result3": [0.0, 23674.028662797064, 39127.48325718194, 46624.307859623805, 52232.63172187656, 55956.50820424035, 58598.85214198753, 62702.32150592655, 64394.20940848626, 68302.82751169428, 70383.80756192468]}