{"dataset": ["obj55__40", "obj55__45", "obj55__50", "obj55__55", "obj55__60", "obj55__65", "obj55__70", "obj55__75", "obj55__80", "obj55__85", "obj55__90"], "result0": ["obj55__40", "obj55__45", "obj55__50", "obj55__55", "obj55__60", "obj55__65", "obj55__70", "obj55__75", "obj55__80", "obj55__85", "obj55__90"], "result1": [], "result2": [0.0, 4611.226127648672, 6867.69234631101, 8705.762673468893, 10507.360368033613, 11522.273270787788, 12679.7441515547, 13030.92012160606, 13599.651486972187, 14193.347870901795, 13845.149970773127], "result3": [0.0, 29146.081938758492, 39116.93904656358, 52417.68007386103, 56822.18408684619, 61430.31569132395, 64787.8390378207, 67814.17994156852, 68738.76308923401, 68705.74935129657, 68693.09833787754]}