{"dataset": ["obj59__250", "obj59__255", "obj59__260", "obj59__265", "obj59__270", "obj59__275", "obj59__280", "obj59__285", "obj59__290", "obj59__295", "obj59__300"], "result0": ["obj59__250", "obj59__255", "obj59__260", "obj59__265", "obj59__270", "obj59__275", "obj59__280", "obj59__285", "obj59__290", "obj59__295", "obj59__300"], "result1": [], "result2": [0.0, 5013.663871213708, 6779.702482839567, 6946.936608890054, 7106.164665843296, 7163.06783803519, 6870.518124468883, 6573.760109639268, 6557.674018376231, 6933.9048412044685, 7037.308406237469], "result3": [0.0, 39360.54577151686, 60645.128067238256, 67885.79666900821, 70644.20066709071, 72496.98355155624, 72408.64313790761, 70438.03952968866, 67921.5339556709, 67099.78967923671, 65792.67430832796]}