{"dataset": ["obj50__300", "obj50__305", "obj50__310", "obj50__315", "obj50__320", "obj50__325", "obj50__330", "obj50__335", "obj50__340", "obj50__345", "obj50__350"], "result0": ["obj50__300", "obj50__305", "obj50__310", "obj50__315", "obj50__320", "obj50__325", "obj50__330", "obj50__335", "obj50__340", "obj50__345", "obj50__350"], "result1": [], "result2": [0.0, 2952.4366943816603, 3442.5362826733954, 2813.8520690448045, 3152.1616903634817, 3284.494434689581, 3548.5940977212967, 3219.9377222831076, 3405.835751183712, 3997.113242509177, 3601.1521108239576], "result3": [0.0, 12019.64744393155, 17642.316857341677, 12515.70211434178, 13576.348043268546, 16271.874508975074, 16786.129044383764, 13409.73662846908, 13692.214587435126, 18553.740412343293, 15355.474784316495]}