{"dataset": ["obj54__235", "obj54__240", "obj54__245", "obj54__250", "obj54__255", "obj54__260", "obj54__265", "obj54__270", "obj54__275", "obj54__280", "obj54__285"], "result0": ["obj54__235", "obj54__240", "obj54__245", "obj54__250", "obj54__255", "obj54__260", "obj54__265", "obj54__270", "obj54__275", "obj54__280", "obj54__285"], "result1": [], "result2": [0.0, 7691.247378047568, 11001.801818635631, 12062.878703387976, 13494.619555439825, 14975.026874555591, 16638.287451325534, 18135.259444114126, 16391.029471472255, 14447.62451605605, 13455.121047243203], "result3": [0.0, 41508.81032304838, 63717.759178763255, 75006.50476127304, 82566.38482639007, 85856.0712697003, 89011.95278432034, 90524.40187411755, 92856.31886262633, 94381.40600392409, 94171.41467324272]}