{"dataset": ["obj62__185", "obj62__190", "obj62__195", "obj62__200", "obj62__205", "obj62__210", "obj62__215", "obj62__220", "obj62__225", "obj62__230", "obj62__235"], "result0": ["obj62__185", "obj62__190", "obj62__195", "obj62__200", "obj62__205", "obj62__210", "obj62__215", "obj62__220", "obj62__225", "obj62__230", "obj62__235"], "result1": [], "result2": [0.0, 4049.4645049537494, 4294.360059413676, 4605.796541944738, 4593.973228099984, 4875.676120887377, 4676.340436469058, 4800.329792413257, 5027.413287447837, 4939.920292439545, 4540.18143557436], "result3": [0.0, 29381.251335151494, 38018.394126817584, 43382.03913326934, 47935.81678997725, 49040.68881387636, 50495.247693495825, 51909.05230523273, 52857.037134222686, 53594.605379633605, 53368.308224949986]}