{"dataset": ["obj64__0", "obj64__5", "obj64__10"], "result0": ["obj64__0", "obj64__5", "obj64__10"], "result1": [], "result2": [0.0, 2615.4684631200935, 4724.423390037844], "result3": [0.0, 17068.92505661398, 29857.855210483074]}