{"dataset": ["obj60__135", "obj60__140", "obj60__145", "obj60__150", "obj60__155", "obj60__160", "obj60__165", "obj60__170", "obj60__175", "obj60__180", "obj60__185"], "result0": ["obj60__135", "obj60__140", "obj60__145", "obj60__150", "obj60__155", "obj60__160", "obj60__165", "obj60__170", "obj60__175", "obj60__180", "obj60__185"], "result1": [], "result2": [0.0, 5426.220872471552, 6377.162519653077, 7038.991335897786, 7107.310766566116, 7548.745036420578, 7731.000307990649, 7685.312345165771, 7539.765959351396, 7510.144352410333, 7602.282754417323], "result3": [0.0, 28718.298638910055, 40240.99958162941, 47546.21975333616, 51980.08760249987, 56261.88673869893, 61830.073483729735, 61784.74548287876, 63703.934892207384, 62340.02897949144, 65137.03419758193]}