{"dataset": ["obj62__240", "obj62__245", "obj62__250", "obj62__255", "obj62__260", "obj62__265", "obj62__270", "obj62__275", "obj62__280", "obj62__285", "obj62__290"], "result0": ["obj62__240", "obj62__245", "obj62__250", "obj62__255", "obj62__260", "obj62__265", "obj62__270", "obj62__275", "obj62__280", "obj62__285", "obj62__290"], "result1": [], "result2": [0.0, 3573.9251834199786, 4088.67602348344, 4860.214255365812, 4181.9884493287755, 4377.058412547152, 4150.671371127515, 4271.83990755189, 4516.69693444137, 4540.025564711364, 4324.7835463915535], "result3": [0.0, 21296.84677030146, 33094.005473293364, 37759.95140269771, 39405.18872705847, 40547.65338556096, 41964.477805750445, 42203.29786930047, 41050.86205554381, 41456.94958785549, 42480.87128226273]}