{"dataset": ["obj64__235", "obj64__240", "obj64__245", "obj64__250", "obj64__255", "obj64__260", "obj64__265", "obj64__270", "obj64__275", "obj64__280", "obj64__285"], "result0": ["obj64__235", "obj64__240", "obj64__245", "obj64__250", "obj64__255", "obj64__260", "obj64__265", "obj64__270", "obj64__275", "obj64__280", "obj64__285"], "result1": [], "result2": [0.0, 2272.7657638261517, 4318.319608871188, 5221.848909461682, 5530.416909891651, 5475.058651639627, 6192.06387690502, 5726.791775870684, 6063.2402091404565, 6017.503849273776, 6306.393817829281], "result3": [0.0, 11030.154559418559, 18921.376521075144, 24001.25161502883, 27116.820221833885, 32453.03230852075, 32919.27414755337, 36532.85984642245, 37178.0806196481, 36167.29209530167, 36596.91224704124]}