{"dataset": ["obj63__155", "obj63__160", "obj63__165", "obj63__170", "obj63__175", "obj63__180", "obj63__185", "obj63__190", "obj63__195", "obj63__200", "obj63__205"], "result0": ["obj63__155", "obj63__160", "obj63__165", "obj63__170", "obj63__175", "obj63__180", "obj63__185", "obj63__190", "obj63__195", "obj63__200", "obj63__205"], "result1": [], "result2": [0.0, 2696.7009925574, 4183.081401382596, 4349.526882617201, 4271.463317235806, 4580.342125124742, 4512.360011517093, 4003.1224173200158, 3596.59574911045, 3623.4755886547964, 3771.806460840641], "result3": [0.0, 10735.155717512593, 13829.519005494192, 14492.78327742219, 14885.830060943961, 15721.908633476123, 16650.81414935738, 17245.316120184958, 17490.957475649193, 18436.1962187849, 18508.399211032316]}