{"dataset": ["obj64__15", "obj64__20", "obj64__25", "obj64__30", "obj64__35", "obj64__40", "obj64__45", "obj64__50", "obj64__55", "obj64__60", "obj64__65"], "result0": ["obj64__15", "obj64__20", "obj64__25", "obj64__30", "obj64__35", "obj64__40", "obj64__45", "obj64__50", "obj64__55", "obj64__60", "obj64__65"], "result1": [], "result2": [0.0, 3710.534330716104, 5579.926153103277, 5709.32515285579, 5775.719533892762, 6069.878114916457, 5398.766275901886, 5299.473412218134, 5768.59521372084, 5749.6157202391305, 6247.161434609295], "result3": [0.0, 14371.203054446727, 21993.827727636322, 25973.990698816255, 27294.707162309438, 28194.47688193433, 27839.795848360285, 30169.688843321055, 36050.30499011651, 38779.21978536807, 38737.62233262323]}