{"dataset": ["obj61__270", "obj61__275", "obj61__280", "obj61__285", "obj61__290", "obj61__295", "obj61__300", "obj61__305", "obj61__310", "obj61__315", "obj61__320"], "result0": ["obj61__270", "obj61__275", "obj61__280", "obj61__285", "obj61__290", "obj61__295", "obj61__300", "obj61__305", "obj61__310", "obj61__315", "obj61__320"], "result1": [], "result2": [0.0, 3074.6285991243094, 2916.006678266016, 3869.6374542683307, 3225.3477087066253, 4043.268423843766, 3579.645265530057, 3459.9875273461357, 3651.5232496923386, 3695.454377793735, 3446.6507149720615], "result3": [0.0, 14770.77201791294, 18339.420540282503, 21813.786819225177, 22697.864027108997, 25554.8283442948, 25746.69587888196, 26644.08161214553, 27335.843898935243, 27487.700482584536, 27532.106456562877]}