{"dataset": ["obj64__125", "obj64__130", "obj64__135", "obj64__140", "obj64__145", "obj64__150", "obj64__155", "obj64__160", "obj64__165", "obj64__170", "obj64__175"], "result0": ["obj64__125", "obj64__130", "obj64__135", "obj64__140", "obj64__145", "obj64__150", "obj64__155", "obj64__160", "obj64__165", "obj64__170", "obj64__175"], "result1": [], "result2": [0.0, 2893.8401729486545, 3346.950105931252, 4867.149923132608, 5346.756577736686, 5979.961679749281, 6199.054191865502, 5485.727806341116, 5515.311919128624, 5553.45547942016, 5449.487421388487], "result3": [0.0, 17802.17638171278, 27964.71082048118, 33921.70528355613, 39352.94633259252, 43656.09419415146, 46356.64418546483, 47847.899768350646, 48874.11975073442, 46401.23528436199, 45721.971188325435]}