{"dataset": ["obj60__190", "obj60__195", "obj60__200", "obj60__205", "obj60__210", "obj60__215", "obj60__220", "obj60__225", "obj60__230", "obj60__235", "obj60__240"], "result0": ["obj60__190", "obj60__195", "obj60__200", "obj60__205", "obj60__210", "obj60__215", "obj60__220", "obj60__225", "obj60__230", "obj60__235", "obj60__240"], "result1": [], "result2": [0.0, 6073.2022079464305, 6726.979759788227, 7498.377823140823, 7559.5652569608355, 7918.112806497525, 7754.742757007994, 7743.7825079941085, 7933.278397752072, 7585.859141356508, 8073.901175341311], "result3": [0.0, 33982.2199319154, 44862.12748061307, 45034.15317714028, 51699.763533741236, 55520.27451224998, 56579.699468875304, 57899.79099204391, 58659.929421029985, 58708.55733750947, 59113.99564545043]}