{"dataset": ["obj64__290", "obj64__295", "obj64__300", "obj64__305", "obj64__310", "obj64__315", "obj64__320", "obj64__325", "obj64__330", "obj64__335", "obj64__340"], "result0": ["obj64__290", "obj64__295", "obj64__300", "obj64__305", "obj64__310", "obj64__315", "obj64__320", "obj64__325", "obj64__330", "obj64__335", "obj64__340"], "result1": [], "result2": [0.0, 4493.877686149837, 5872.40944021291, 6189.963816935727, 6354.932539969391, 6576.509037667191, 7549.225256963491, 7313.408002128025, 7438.778592770388, 7685.67964635227, 6303.1688028834615], "result3": [0.0, 13172.179715408012, 22102.458923524246, 31183.0860530138, 36774.97735258937, 39306.57892401889, 43363.850338127464, 44270.146391533315, 45363.29761499539, 46200.473561313, 45581.65985528752]}