{"dataset": ["obj61__160", "obj61__165", "obj61__170", "obj61__175", "obj61__180", "obj61__185", "obj61__190", "obj61__195", "obj61__200", "obj61__205", "obj61__210"], "result0": ["obj61__160", "obj61__165", "obj61__170", "obj61__175", "obj61__180", "obj61__185", "obj61__190", "obj61__195", "obj61__200", "obj61__205", "obj61__210"], "result1": [], "result2": [0.0, 2112.9226673777753, 2381.9456390984124, 2741.614216855087, 2504.196808913528, 2910.8502684407663, 2644.850365317865, 3112.7310715860367, 3768.6544622076435, 4814.895969495419, 4825.265174192709], "result3": [0.0, 11932.95232010074, 16031.755787141621, 18407.30695411004, 19347.28520766273, 21558.16765077226, 22522.378470230848, 23633.703886974603, 24896.82169705443, 26159.36639048718, 26919.805073743686]}