{"dataset": ["obj66__0", "obj66__5", "obj66__10", "obj66__15", "obj66__20", "obj66__25", "obj66__30", "obj66__35", "obj66__40", "obj66__45", "obj66__50"], "result0": ["obj66__0", "obj66__5", "obj66__10", "obj66__15", "obj66__20", "obj66__25", "obj66__30", "obj66__35", "obj66__40", "obj66__45", "obj66__50"], "result1": [], "result2": [0.0, 5781.725954598584, 8517.174722714633, 9542.754391441145, 11825.854905507274, 11822.816477416478, 12347.841661713424, 13517.347011965323, 13400.323556305682, 13127.29473581655, 12919.852209244744], "result3": [0.0, 32881.80333154462, 44892.170988751575, 56634.47331658937, 68680.51017245278, 72860.85619470477, 74768.33334417455, 75703.20864310302, 76356.86345832609, 75785.88817839324, 74383.04346814752]}