{"dataset": ["obj69__0", "obj69__5", "obj69__10", "obj69__15", "obj69__20", "obj69__25", "obj69__30", "obj69__35", "obj69__40", "obj69__45", "obj69__50"], "result0": ["obj69__0", "obj69__5", "obj69__10", "obj69__15", "obj69__20", "obj69__25", "obj69__30", "obj69__35", "obj69__40", "obj69__45", "obj69__50"], "result1": [], "result2": [0.0, 2838.6836027449394, 3678.673719424671, 3627.7598074399816, 3864.597766718954, 4131.543459628017, 4039.812937620854, 4308.409434418542, 5974.857441434141, 6483.899765021015, 7413.843600668299], "result3": [0.0, 25825.70668506436, 36837.35219767876, 43441.61125205085, 45467.13701314479, 47190.71003657766, 48543.73739790358, 50109.42180855945, 51827.31563196145, 53223.08546590619, 55613.05415364914]}