{"dataset": ["obj63__100", "obj63__105", "obj63__110", "obj63__115", "obj63__120", "obj63__125", "obj63__130", "obj63__135", "obj63__140", "obj63__145", "obj63__150"], "result0": ["obj63__100", "obj63__105", "obj63__110", "obj63__115", "obj63__120", "obj63__125", "obj63__130", "obj63__135", "obj63__140", "obj63__145", "obj63__150"], "result1": [], "result2": [0.0, 2918.383504427689, 4070.830656074038, 5302.5636942960045, 5769.413108784568, 6935.156219961502, 6583.395842011935, 7111.876200918051, 7025.902459216219, 7220.761078088019, 6950.94430979386], "result3": [0.0, 10963.938408803195, 15570.01738431491, 17639.281986529008, 19199.557449504733, 20747.24393456243, 19896.239800352603, 20086.337957629934, 20469.476050047204, 21136.810062624514, 21166.568324487656]}