{"dataset": ["obj60__300", "obj60__305", "obj60__310", "obj60__315", "obj60__320", "obj60__325", "obj60__330", "obj60__335", "obj60__340", "obj60__345", "obj60__350"], "result0": ["obj60__300", "obj60__305", "obj60__310", "obj60__315", "obj60__320", "obj60__325", "obj60__330", "obj60__335", "obj60__340", "obj60__345", "obj60__350"], "result1": [], "result2": [0.0, 4968.095217840643, 6459.955595490399, 8014.769426021966, 8659.982915466042, 9413.722879996867, 9327.93023795251, 10487.411004278823, 12049.334180887092, 13153.322271097375, 13272.263423200242], "result3": [0.0, 22736.24600400962, 37238.3972947523, 44554.486902777106, 51120.24141283892, 55946.73185133003, 61035.00334046967, 64501.677967529744, 69987.00415221415, 74719.86887453869, 77092.29435913637]}