{"dataset": ["obj65__0", "obj65__5", "obj65__10", "obj65__15", "obj65__20", "obj65__25", "obj65__30", "obj65__35"], "result0": ["obj65__0", "obj65__5", "obj65__10", "obj65__15", "obj65__20", "obj65__25", "obj65__30", "obj65__35"], "result1": [], "result2": [0.0, 5103.028902391837, 8211.153866969385, 9316.258627485326, 10230.333574641376, 11700.762723603995, 12736.30812099339, 12708.466491822675], "result3": [0.0, 26809.957964124158, 45123.168722683564, 50708.91051457077, 57774.442444888875, 63218.651806700975, 70699.12127248757, 72594.2857553158]}