{"dataset": ["obj63__265", "obj63__270", "obj63__275", "obj63__280", "obj63__285", "obj63__290", "obj63__295", "obj63__300", "obj63__305", "obj63__310", "obj63__315"], "result0": ["obj63__265", "obj63__270", "obj63__275", "obj63__280", "obj63__285", "obj63__290", "obj63__295", "obj63__300", "obj63__305", "obj63__310", "obj63__315"], "result1": [], "result2": [0.0, 3065.195642001308, 5163.4694340741435, 6253.967344924736, 6400.638644415029, 3960.7098023851568, 3586.767190635523, 4039.711121779429, 4494.964275824371, 4836.03413326644, 4914.5758628372605], "result3": [0.0, 11684.34119096212, 15238.481647271663, 16684.020438069478, 16639.704391051084, 15664.828630009666, 15821.037904033437, 16638.08534969017, 16893.688829105347, 18417.74347464554, 18938.405941016972]}