{"dataset": ["obj60__0", "obj60__5", "obj60__10", "obj60__15", "obj60__20"], "result0": ["obj60__0", "obj60__5", "obj60__10", "obj60__15", "obj60__20"], "result1": [], "result2": [0.0, 7294.184674216611, 8562.864811584706, 9250.391040613682, 10042.878149762833], "result3": [0.0, 41700.32814061642, 54976.62646746263, 61643.50868858397, 68299.44722119719]}