{"dataset": ["obj6__0", "obj6__5", "obj6__10", "obj6__15", "obj6__20", "obj6__25", "obj6__30", "obj6__35", "obj6__40", "obj6__45", "obj6__50"], "result0": ["obj6__0", "obj6__5", "obj6__10", "obj6__15", "obj6__20", "obj6__25", "obj6__30", "obj6__35", "obj6__40", "obj6__45", "obj6__50"], "result1": [], "result2": [0.0, 2946.2165492950935, 3374.950490300723, 3476.635476746443, 3604.003539856474, 3777.6070608456134, 4885.848340693868, 5866.375451455495, 6706.089330681924, 6887.413521294898, 8331.659422439443], "result3": [0.0, 22028.97069379501, 34524.72676725872, 41218.03878520988, 45909.29482855089, 48203.24978865497, 50106.06240080111, 51243.01268098876, 52374.88334473409, 53594.21697947197, 55944.975065479055]}