{"dataset": ["obj62__20", "obj62__25", "obj62__30", "obj62__35", "obj62__40", "obj62__45", "obj62__50", "obj62__55", "obj62__60", "obj62__65", "obj62__70"], "result0": ["obj62__20", "obj62__25", "obj62__30", "obj62__35", "obj62__40", "obj62__45", "obj62__50", "obj62__55", "obj62__60", "obj62__65", "obj62__70"], "result1": [], "result2": [0.0, 3432.3084753397097, 4242.114657978793, 4846.646604977085, 5071.632125284343, 4747.202630632099, 5134.549996617614, 5257.611035730198, 5430.437536788945, 5399.973046428725, 4944.628134680212], "result3": [0.0, 28516.81996247731, 40112.075840283185, 45252.46128840558, 48423.34850703366, 50426.72141922079, 52972.502312298864, 54040.783552441746, 54487.69988785125, 54782.32190836221, 54453.800110176206]}