{"dataset": ["obj62__130", "obj62__135", "obj62__140", "obj62__145", "obj62__150", "obj62__155", "obj62__160", "obj62__165", "obj62__170", "obj62__175", "obj62__180"], "result0": ["obj62__130", "obj62__135", "obj62__140", "obj62__145", "obj62__150", "obj62__155", "obj62__160", "obj62__165", "obj62__170", "obj62__175", "obj62__180"], "result1": [], "result2": [0.0, 3092.7291773428733, 3468.877486926242, 4534.100516086594, 4779.217735315223, 4138.206361408408, 4096.079725528268, 4754.400061237924, 4408.093595319427, 4234.96434169809, 4408.785839125277], "result3": [0.0, 25193.195312630385, 33328.807868257165, 38451.98210570216, 42111.17854026146, 45257.33049733564, 48036.00857150555, 49266.07423609868, 50673.38890247978, 52320.61286550388, 51671.0198517777]}