{"dataset": ["obj60__25", "obj60__30", "obj60__35", "obj60__40", "obj60__45", "obj60__50", "obj60__55", "obj60__60", "obj60__65", "obj60__70", "obj60__75"], "result0": ["obj60__25", "obj60__30", "obj60__35", "obj60__40", "obj60__45", "obj60__50", "obj60__55", "obj60__60", "obj60__65", "obj60__70", "obj60__75"], "result1": [], "result2": [0.0, 7063.991571911242, 8397.274903312513, 9636.44019914543, 9813.548721994426, 11521.937668509701, 11358.369425095007, 11961.191155192168, 11982.839607129628, 12117.232570107903, 12047.248653229652], "result3": [0.0, 31989.135511362925, 46033.641654780135, 54184.279216898605, 59019.61148410104, 62306.76632574946, 63373.11706617847, 63618.44802173972, 64834.082746166736, 64128.44038581289, 64298.12487242371]}