{"dataset": ["obj64__70", "obj64__75", "obj64__80", "obj64__85", "obj64__90", "obj64__95", "obj64__100", "obj64__105", "obj64__110", "obj64__115", "obj64__120"], "result0": ["obj64__70", "obj64__75", "obj64__80", "obj64__85", "obj64__90", "obj64__95", "obj64__100", "obj64__105", "obj64__110", "obj64__115", "obj64__120"], "result1": [], "result2": [0.0, 2392.3080709199016, 2334.9464878565736, 2563.099155517828, 3577.724920106331, 3617.4963280763777, 3872.293416946269, 4366.126754504648, 4304.775347976104, 5199.099961304397, 6178.9063725181395], "result3": [0.0, 17081.574520125985, 20949.25299209915, 24078.691140905023, 26153.792911631986, 28032.99864111282, 29955.408985896036, 30136.242726963013, 33251.763882722706, 35050.40267014317, 36823.85409304127]}