{"dataset": ["obj63__45", "obj63__50", "obj63__55", "obj63__60", "obj63__65", "obj63__70", "obj63__75", "obj63__80", "obj63__85", "obj63__90", "obj63__95"], "result0": ["obj63__45", "obj63__50", "obj63__55", "obj63__60", "obj63__65", "obj63__70", "obj63__75", "obj63__80", "obj63__85", "obj63__90", "obj63__95"], "result1": [], "result2": [0.0, 3546.539276058608, 4189.308558766257, 4240.524466411229, 4479.441626191361, 4609.590010509778, 4464.493433086626, 4605.263112254775, 4932.386606109922, 4723.865965863497, 4867.889867884147], "result3": [0.0, 12889.424095891416, 15155.007870996371, 17767.033027192578, 18303.016332739964, 19196.293385554105, 20190.387322563678, 20178.136952770874, 20725.412765825167, 20575.552456798032, 21220.14043169655]}