{"dataset": ["obj61__0", "obj61__5", "obj61__10", "obj61__15", "obj61__20", "obj61__25", "obj61__30", "obj61__35", "obj61__40", "obj61__45"], "result0": ["obj61__0", "obj61__5", "obj61__10", "obj61__15", "obj61__20", "obj61__25", "obj61__30", "obj61__35", "obj61__40", "obj61__45"], "result1": [], "result2": [0.0, 2351.8332193294964, 3280.050260361382, 3031.315741623207, 4356.471373668326, 4415.060965629636, 4358.707301802848, 3714.4680531175104, 4627.170158557751, 4006.4337963731155], "result3": [0.0, 16319.787913426757, 20288.01185963303, 23009.46551756002, 27677.43865833804, 29194.688627511263, 30489.605638094246, 28526.75032881275, 30912.3080656901, 29783.45067760907]}