{"dataset": ["obj61__215", "obj61__220", "obj61__225", "obj61__230", "obj61__235", "obj61__240", "obj61__245", "obj61__250", "obj61__255", "obj61__260", "obj61__265"], "result0": ["obj61__215", "obj61__220", "obj61__225", "obj61__230", "obj61__235", "obj61__240", "obj61__245", "obj61__250", "obj61__255", "obj61__260", "obj61__265"], "result1": [], "result2": [0.0, 2030.4978867612508, 2766.2639175320487, 2492.7129485063215, 2922.9615040498556, 2784.7524700707368, 3388.9501456387934, 3381.1220109358887, 3550.7625965393468, 3644.9456450091434, 3753.093352709192], "result3": [0.0, 12079.252624193206, 18517.147325951606, 20231.043917676434, 21192.1481293533, 22585.272546090186, 23979.883069401607, 25068.99404285662, 25465.358305435628, 25505.25694188662, 26065.931054972112]}