{"dataset": ["obj64__180", "obj64__185", "obj64__190", "obj64__195", "obj64__200", "obj64__205", "obj64__210", "obj64__215", "obj64__220", "obj64__225", "obj64__230"], "result0": ["obj64__180", "obj64__185", "obj64__190", "obj64__195", "obj64__200", "obj64__205", "obj64__210", "obj64__215", "obj64__220", "obj64__225", "obj64__230"], "result1": [], "result2": [0.0, 2608.0316670670695, 4312.980014077894, 5000.782973076695, 5469.680001547251, 5644.888654090217, 6644.994912328378, 6823.858590205444, 5897.521793108017, 6468.089758704244, 6218.342937282062], "result3": [0.0, 17820.42938652076, 27887.78410534188, 36173.29442527704, 39925.96395577304, 42296.806438867, 47055.6104425434, 49753.76634312421, 48112.24862248264, 48830.586228601635, 46859.003395199776]}