{"dataset": ["obj62__295", "obj62__300", "obj62__305", "obj62__310", "obj62__315", "obj62__320", "obj62__325", "obj62__330", "obj62__335", "obj62__340", "obj62__345"], "result0": ["obj62__295", "obj62__300", "obj62__305", "obj62__310", "obj62__315", "obj62__320", "obj62__325", "obj62__330", "obj62__335", "obj62__340", "obj62__345"], "result1": [], "result2": [0.0, 2860.81991643329, 3725.372736854596, 4161.755585689509, 4978.246186537663, 4783.1463145469415, 4575.357728650016, 4782.384178705729, 4395.161113196058, 4548.801340706594, 4934.509094660223], "result3": [0.0, 16973.111571300775, 26149.670290652663, 29757.67329081334, 33228.16688599624, 34044.27589867264, 34497.862695124, 37049.35529235564, 37528.32959688455, 36775.34297892079, 38833.9680021964]}