{"dataset": ["obj65__40", "obj65__45", "obj65__50", "obj65__55", "obj65__60", "obj65__65", "obj65__70", "obj65__75", "obj65__80", "obj65__85", "obj65__90"], "result0": ["obj65__40", "obj65__45", "obj65__50", "obj65__55", "obj65__60", "obj65__65", "obj65__70", "obj65__75", "obj65__80", "obj65__85", "obj65__90"], "result1": [], "result2": [0.0, 5806.367663571144, 8826.441061315661, 11005.668807226144, 12338.389366160747, 13198.691792700076, 14453.361959337833, 15953.357449027828, 17376.163186859452, 18402.39461332963, 19505.24602834212], "result3": [0.0, 27385.725174114108, 44550.507945388556, 52807.62356499769, 55380.30216002837, 55318.3479568474, 53904.56563294679, 55929.51105036028, 57201.037294836715, 59257.06361281872, 60690.21763698757]}