{"dataset": ["obj60__80", "obj60__85", "obj60__90", "obj60__95", "obj60__100", "obj60__105", "obj60__110", "obj60__115", "obj60__120", "obj60__125", "obj60__130"], "result0": ["obj60__80", "obj60__85", "obj60__90", "obj60__95", "obj60__100", "obj60__105", "obj60__110", "obj60__115", "obj60__120", "obj60__125", "obj60__130"], "result1": [], "result2": [0.0, 5752.802093663415, 7159.9982327129765, 9057.488683563422, 8062.658735403355, 8044.230677693072, 7978.457536699983, 8505.883271188615, 8822.250597358967, 8808.33698291687, 9157.642142816492], "result3": [0.0, 28678.50321933441, 42509.17754278146, 49899.44076337293, 52681.22356774099, 53990.28970548138, 52823.48142774217, 52418.20861892775, 52925.377837697044, 53185.65068549663, 54157.46566748805]}