{"dataset": ["obj68__0", "obj68__5", "obj68__10", "obj68__15", "obj68__20", "obj68__25", "obj68__30", "obj68__35", "obj68__40", "obj68__45", "obj68__50"], "result0": ["obj68__0", "obj68__5", "obj68__10", "obj68__15", "obj68__20", "obj68__25", "obj68__30", "obj68__35", "obj68__40", "obj68__45", "obj68__50"], "result1": [], "result2": [0.0, 5215.427820364091, 5686.392156837676, 5519.243664000988, 8164.889441003336, 8017.578813143042, 9979.917979437067, 10921.30744900719, 12995.448633925254, 13672.787638943619, 16234.21136848397], "result3": [0.0, 25594.719041699544, 36704.71873640455, 43811.117799613625, 48347.58041709848, 49891.5256871935, 53100.646676765755, 53285.74877665192, 56582.51306509785, 59896.16171849705, 63987.45763582736]}