{"dataset": ["obj63__210", "obj63__215", "obj63__220", "obj63__225", "obj63__230", "obj63__235", "obj63__240", "obj63__245", "obj63__250", "obj63__255", "obj63__260"], "result0": ["obj63__210", "obj63__215", "obj63__220", "obj63__225", "obj63__230", "obj63__235", "obj63__240", "obj63__245", "obj63__250", "obj63__255", "obj63__260"], "result1": [], "result2": [0.0, 2544.7599179885015, 3083.4600443683407, 3088.403421043636, 3091.1933667634707, 4458.758714338657, 5062.74300917651, 4968.246945911329, 5224.029379668772, 5858.826582599421, 5833.965119787314], "result3": [0.0, 10439.870919039473, 12367.447091024369, 13690.486977178603, 14021.73374998197, 15368.339693330228, 17197.242705466226, 17450.276578385383, 17922.077294304967, 18204.281461184844, 18177.58814806305]}