{"dataset": ["obj61__50", "obj61__55", "obj61__60", "obj61__65", "obj61__70", "obj61__75", "obj61__80", "obj61__85", "obj61__90", "obj61__95", "obj61__100"], "result0": ["obj61__50", "obj61__55", "obj61__60", "obj61__65", "obj61__70", "obj61__75", "obj61__80", "obj61__85", "obj61__90", "obj61__95", "obj61__100"], "result1": [], "result2": [0.0, 1714.0776284995795, 2999.5698179593933, 3528.0901337600944, 2598.587190985855, 2643.9214759971464, 3239.4136885840244, 3366.5552557979854, 3480.808907661709, 4338.1422720116025, 3640.5389419806706], "result3": [0.0, 15548.390730869025, 23283.154786393046, 27998.564898481593, 29870.83630593866, 31574.706061199307, 32621.468099648133, 34567.46574974246, 34042.57452190481, 33411.20599282533, 34374.90941565111]}