{"dataset": ["obj61__105", "obj61__110", "obj61__115", "obj61__120", "obj61__125", "obj61__130", "obj61__135", "obj61__140", "obj61__145", "obj61__150", "obj61__155"], "result0": ["obj61__105", "obj61__110", "obj61__115", "obj61__120", "obj61__125", "obj61__130", "obj61__135", "obj61__140", "obj61__145", "obj61__150", "obj61__155"], "result1": [], "result2": [0.0, 2597.629128593136, 4325.979209434865, 3958.3233468017097, 4376.34647209054, 4313.607998499983, 3809.1781401082976, 3832.757936692976, 3789.0932274341712, 4705.949470595894, 4017.4982006182927], "result3": [0.0, 14444.389196995646, 25757.004475254565, 26884.739459823817, 28334.085505042225, 33577.30987583473, 33895.32279158011, 31933.593449383974, 32009.356940362602, 30656.87374440208, 30744.311554938555]}