{"dataset": ["obj67__0", "obj67__5", "obj67__10", "obj67__15", "obj67__20", "obj67__25", "obj67__30", "obj67__35", "obj67__40", "obj67__45", "obj67__50"], "result0": ["obj67__0", "obj67__5", "obj67__10", "obj67__15", "obj67__20", "obj67__25", "obj67__30", "obj67__35", "obj67__40", "obj67__45", "obj67__50"], "result1": [], "result2": [0.0, 1651.624048694739, 3487.0050032835684, 4031.0195350757417, 5215.282955539313, 6486.494882200091, 8180.998375690351, 9156.564235285838, 10897.352353764027, 11703.167228230213, 13944.80279580549], "result3": [0.0, 27029.902445197105, 37557.5141733177, 43854.677811386064, 48214.348433766514, 50527.65764142759, 53539.44671529904, 57567.57034968771, 60383.366076106206, 63199.374915290624, 66805.30419975892]}