{"dataset": ["obj62__75", "obj62__80", "obj62__85", "obj62__90", "obj62__95", "obj62__100", "obj62__105", "obj62__110", "obj62__115", "obj62__120", "obj62__125"], "result0": ["obj62__75", "obj62__80", "obj62__85", "obj62__90", "obj62__95", "obj62__100", "obj62__105", "obj62__110", "obj62__115", "obj62__120", "obj62__125"], "result1": [], "result2": [0.0, 3245.4987283808982, 3925.634529130022, 4024.4517189612416, 3987.949063510686, 4132.033037684316, 4370.693876572653, 4405.448158642693, 4951.968232726291, 4988.6471716178785, 4937.938336210988], "result3": [0.0, 27527.095327259973, 38838.02340639569, 42822.707376454026, 44797.45464792289, 45753.459203615785, 47992.21084930003, 49409.585599971935, 49390.308137238026, 50917.467018650845, 51832.82397210412]}