{"dataset": ["obj62__0", "obj62__5", "obj62__10", "obj62__15"], "result0": ["obj62__0", "obj62__5", "obj62__10", "obj62__15"], "result1": [], "result2": [0.0, 3361.409896658559, 4538.716207598685, 4786.500972150063], "result3": [0.0, 21854.608424678445, 31387.18320963718, 38453.4524217844]}