{"dataset": ["obj60__245", "obj60__250", "obj60__255", "obj60__260", "obj60__265", "obj60__270", "obj60__275", "obj60__280", "obj60__285", "obj60__290", "obj60__295"], "result0": ["obj60__245", "obj60__250", "obj60__255", "obj60__260", "obj60__265", "obj60__270", "obj60__275", "obj60__280", "obj60__285", "obj60__290", "obj60__295"], "result1": [], "result2": [0.0, 4604.595280187144, 5843.839133678311, 7309.743357803215, 8745.666579934608, 9110.731927161156, 7334.4750075038655, 7312.43800985078, 7514.911298085404, 8611.794044326702, 7300.442445977253], "result3": [0.0, 27992.205973902717, 40781.3771651499, 47023.54975616187, 48854.21472156793, 54967.8865711987, 55195.83812130615, 55025.93716225028, 55352.69505151175, 55519.11004754901, 54956.07749656215]}