{"dataset": ["obj63__0", "obj63__5", "obj63__10", "obj63__15", "obj63__20", "obj63__25", "obj63__30", "obj63__35", "obj63__40"], "result0": ["obj63__0", "obj63__5", "obj63__10", "obj63__15", "obj63__20", "obj63__25", "obj63__30", "obj63__35", "obj63__40"], "result1": [], "result2": [0.0, 3496.9286383117087, 4012.435580407075, 4042.2904910062402, 4566.4453314443135, 4328.028922695652, 4339.353269180687, 4944.567711587737, 4705.515299657067], "result3": [0.0, 12800.448695959523, 16999.406985063106, 19743.702551115304, 20940.93467678316, 21630.250849267468, 21986.731794331223, 22968.020101794973, 24375.523725651205]}