{"dataset": ["obj71__0", "obj71__5", "obj71__10", "obj71__15", "obj71__20", "obj71__25", "obj71__30", "obj71__35", "obj71__40", "obj71__45", "obj71__50"], "result0": ["obj71__0", "obj71__5", "obj71__10", "obj71__15", "obj71__20", "obj71__25", "obj71__30", "obj71__35", "obj71__40", "obj71__45", "obj71__50"], "result1": [], "result2": [0.0, 4092.393048749456, 4244.82636567034, 4842.582986185675, 5779.955877126667, 5789.955887327004, 5878.623333150259, 5993.977316867344, 6040.303954115633, 6141.395512262647, 6059.717906992071], "result3": [0.0, 22577.73007874936, 29856.353589376435, 33388.296635879204, 38028.61027879454, 40416.13938661106, 40628.98196409643, 41411.23977599107, 41202.532690575346, 41544.17216247134, 40897.76856646687]}