{"dataset": ["obj77__0", "obj77__5", "obj77__10", "obj77__15", "obj77__20", "obj77__25", "obj77__30", "obj77__35", "obj77__40", "obj77__45", "obj77__50"], "result0": ["obj77__0", "obj77__5", "obj77__10", "obj77__15", "obj77__20", "obj77__25", "obj77__30", "obj77__35", "obj77__40", "obj77__45", "obj77__50"], "result1": [], "result2": [0.0, 3635.686396908441, 5201.398776680933, 5812.970413140688, 6524.449924634937, 6639.0313558001135, 7021.391624672945, 7773.115925362181, 8743.014819071932, 9929.736492892094, 11508.866119569186], "result3": [0.0, 17820.24559634179, 24089.144681036472, 26757.660975588486, 31239.450171830133, 32462.143125263974, 34740.00770190731, 36142.667867219076, 38953.56271186657, 41252.42973583937, 43819.33523556031]}