{"dataset": ["obj79__0", "obj79__5", "obj79__10", "obj79__15", "obj79__20", "obj79__25", "obj79__30", "obj79__35", "obj79__40", "obj79__45", "obj79__50"], "result0": ["obj79__0", "obj79__5", "obj79__10", "obj79__15", "obj79__20", "obj79__25", "obj79__30", "obj79__35", "obj79__40", "obj79__45", "obj79__50"], "result1": [], "result2": [0.0, 3402.256684280034, 4634.131695979112, 4924.527892716924, 6297.965182112453, 7369.16023384348, 7644.105301674227, 8055.265728686333, 10088.438311973252, 10423.25001985748, 11701.92857887156], "result3": [0.0, 36192.97062548436, 54308.932535577565, 66969.99700444378, 71709.51579697989, 71314.87986998819, 72242.06187331676, 72009.56155083328, 73834.76526538283, 75621.15051862225, 76369.55729025602]}