{"dataset": ["obj76__0", "obj76__5", "obj76__10", "obj76__15", "obj76__20", "obj76__25", "obj76__30", "obj76__35", "obj76__40", "obj76__45", "obj76__50"], "result0": ["obj76__0", "obj76__5", "obj76__10", "obj76__15", "obj76__20", "obj76__25", "obj76__30", "obj76__35", "obj76__40", "obj76__45", "obj76__50"], "result1": [], "result2": [0.0, 1733.465214497634, 2453.6793022839047, 3166.472258143727, 4040.051348633242, 4214.8112794613035, 4748.715232224512, 5482.2172649891, 5500.334547000051, 6776.720710955066, 7655.361441996692], "result3": [0.0, 15951.0766044911, 24938.267477853224, 29640.40601274371, 32577.47497001104, 33416.462525175884, 34964.53613314591, 36692.972972800955, 37989.77703212015, 38940.86488182284, 41197.14559386857]}