{"dataset": ["obj73__0", "obj73__5", "obj73__10", "obj73__15", "obj73__20", "obj73__25", "obj73__30", "obj73__35", "obj73__40", "obj73__45", "obj73__50"], "result0": ["obj73__0", "obj73__5", "obj73__10", "obj73__15", "obj73__20", "obj73__25", "obj73__30", "obj73__35", "obj73__40", "obj73__45", "obj73__50"], "result1": [], "result2": [0.0, 3542.898254494759, 4235.4434308566015, 4977.780696023627, 5218.839635846462, 5646.283454889175, 5673.7283384609045, 5478.818544275095, 5305.989905259441, 5590.586185512244, 5855.724774661475], "result3": [0.0, 13464.001712122932, 17757.351150127128, 19183.43512924388, 21259.73667050898, 23715.536875298247, 23565.52457153797, 22350.633614830673, 23208.976055053994, 22858.69334417768, 24299.39830200188]}