{"dataset": ["obj75__0", "obj75__5", "obj75__10", "obj75__15", "obj75__20", "obj75__25", "obj75__30", "obj75__35", "obj75__40", "obj75__45", "obj75__50"], "result0": ["obj75__0", "obj75__5", "obj75__10", "obj75__15", "obj75__20", "obj75__25", "obj75__30", "obj75__35", "obj75__40", "obj75__45", "obj75__50"], "result1": [], "result2": [0.0, 3724.7163536644302, 4164.194441441201, 5795.782081494937, 5940.739729851453, 6820.2597852458375, 7263.232210484681, 7111.570488992018, 7206.119655552023, 7953.927158893724, 7925.1205484772745], "result3": [0.0, 15134.607841573656, 18807.69211082533, 20428.146683527157, 21401.175279879943, 22975.298556689173, 25244.09458855726, 25621.148599781096, 26076.941128345206, 27637.089949075133, 28888.154663845897]}