{"dataset": ["obj78__0", "obj78__5", "obj78__10", "obj78__15", "obj78__20", "obj78__25", "obj78__30", "obj78__35", "obj78__40", "obj78__45", "obj78__50"], "result0": ["obj78__0", "obj78__5", "obj78__10", "obj78__15", "obj78__20", "obj78__25", "obj78__30", "obj78__35", "obj78__40", "obj78__45", "obj78__50"], "result1": [], "result2": [0.0, 2251.413576920094, 2943.378458178409, 3319.3297954272252, 4036.6524948951806, 6049.057510569341, 6416.819267385463, 7704.722352188736, 9177.127096450258, 9426.379364224911, 11708.383572122992], "result3": [0.0, 12379.384507356212, 19355.009495202452, 23339.45315428637, 26853.20627849549, 31262.728684561327, 33504.04207020998, 34664.35402929038, 36914.35683093965, 37885.77781784162, 38755.08374464512]}