{"dataset": ["obj74__0", "obj74__5", "obj74__10", "obj74__15", "obj74__20", "obj74__25", "obj74__30", "obj74__35", "obj74__40", "obj74__45", "obj74__50"], "result0": ["obj74__0", "obj74__5", "obj74__10", "obj74__15", "obj74__20", "obj74__25", "obj74__30", "obj74__35", "obj74__40", "obj74__45", "obj74__50"], "result1": [], "result2": [0.0, 3543.2438960056343, 4711.674834699007, 5290.339222260388, 7273.2253351215795, 8487.6969601551, 9251.861596964394, 11187.28059638542, 12032.795951861637, 14322.27311142484, 15050.09545644676], "result3": [0.0, 12028.21439812705, 17191.28928118944, 21707.716308884323, 27776.692901328206, 32152.955661527812, 35923.31987591274, 38703.690465506166, 41333.490999372676, 42282.912257909775, 43244.666099213064]}