{"dataset": ["obj70__0", "obj70__5", "obj70__10", "obj70__15", "obj70__20", "obj70__25", "obj70__30", "obj70__35", "obj70__40", "obj70__45", "obj70__50"], "result0": ["obj70__0", "obj70__5", "obj70__10", "obj70__15", "obj70__20", "obj70__25", "obj70__30", "obj70__35", "obj70__40", "obj70__45", "obj70__50"], "result1": [], "result2": [0.0, 5270.190203892071, 5777.577213285363, 5135.267907644339, 4646.657994045848, 5744.662997775662, 5779.493634330268, 6445.163554311064, 6406.839601594754, 5849.856057512215, 6145.518177512224], "result3": [0.0, 14069.055510491133, 16723.32152670808, 16165.402421880513, 15987.704578010365, 15683.51773342304, 16051.237261714414, 17567.409867240116, 17302.973777616397, 17448.971640659496, 17842.614712797105]}