{"dataset": ["obj72__0", "obj72__5", "obj72__10", "obj72__15", "obj72__20", "obj72__25", "obj72__30", "obj72__35", "obj72__40", "obj72__45", "obj72__50"], "result0": ["obj72__0", "obj72__5", "obj72__10", "obj72__15", "obj72__20", "obj72__25", "obj72__30", "obj72__35", "obj72__40", "obj72__45", "obj72__50"], "result1": [], "result2": [0.0, 3575.772825955642, 4411.347020361118, 4750.0649485304175, 4774.548134449009, 4720.940205798405, 4893.979888541955, 4957.927368567559, 5245.938164752309, 5191.420501187385, 4998.622157068858], "result3": [0.0, 31871.42913660966, 39515.40074254759, 43558.215458996594, 45988.991918867454, 45888.838082896546, 48957.92359554395, 49631.58378406614, 51307.73109161854, 51527.23535980284, 50878.743125582114]}