{"dataset": ["obj7__0", "obj7__5", "obj7__10", "obj7__15", "obj7__20", "obj7__25", "obj7__30", "obj7__35", "obj7__40", "obj7__45", "obj7__50"], "result0": ["obj7__0", "obj7__5", "obj7__10", "obj7__15", "obj7__20", "obj7__25", "obj7__30", "obj7__35", "obj7__40", "obj7__45", "obj7__50"], "result1": [], "result2": [0.0, 2451.4125613224237, 2898.678480197322, 2819.667634602675, 3080.3180627611023, 3129.261564358217, 3234.698962518074, 3167.3588046791783, 3285.6941902372055, 3348.5719671376633, 3341.5984435507644], "result3": [0.0, 17666.202121563256, 21416.98283904791, 23076.254639286548, 24077.37953802012, 23027.863401817158, 23982.556076677516, 24980.079250948504, 25725.535482060164, 26808.78784858063, 26365.41872949712]}