{"dataset": ["obj84__0", "obj84__5", "obj84__10", "obj84__15", "obj84__20", "obj84__25", "obj84__30", "obj84__35", "obj84__40", "obj84__45", "obj84__50"], "result0": ["obj84__0", "obj84__5", "obj84__10", "obj84__15", "obj84__20", "obj84__25", "obj84__30", "obj84__35", "obj84__40", "obj84__45", "obj84__50"], "result1": [], "result2": [0.0, 2246.982604953838, 2495.6387366836325, 2621.393938758764, 3134.736946764435, 5578.156538065622, 5810.799233996775, 7414.307834155566, 8082.244865152496, 10475.358210998584, 10626.675884605162], "result3": [0.0, 20785.956442942843, 31900.402952097356, 36319.28418403678, 38998.77851123735, 39532.21447108872, 40849.74754926562, 43279.62251718342, 44798.38468603417, 46426.75431488827, 48272.12220579572]}