{"dataset": ["obj89__0", "obj89__5", "obj89__10", "obj89__15", "obj89__20", "obj89__25", "obj89__30", "obj89__35", "obj89__40", "obj89__45", "obj89__50"], "result0": ["obj89__0", "obj89__5", "obj89__10", "obj89__15", "obj89__20", "obj89__25", "obj89__30", "obj89__35", "obj89__40", "obj89__45", "obj89__50"], "result1": [], "result2": [0.0, 3248.0504972996036, 4782.864789963741, 6779.080326239153, 7528.4229805954665, 8430.474453808734, 9012.154167499411, 10713.993666726032, 11751.17407557009, 11912.626234744572, 13577.154989359926], "result3": [0.0, 14226.032703716308, 21372.40598735027, 27582.859870292246, 31930.06629130058, 38309.208318307996, 44191.91978748329, 49027.834067000076, 53305.16818575002, 55143.67388977669, 58618.93523422815]}