{"dataset": ["obj80__0", "obj80__5", "obj80__10", "obj80__15", "obj80__20", "obj80__25", "obj80__30", "obj80__35", "obj80__40", "obj80__45", "obj80__50"], "result0": ["obj80__0", "obj80__5", "obj80__10", "obj80__15", "obj80__20", "obj80__25", "obj80__30", "obj80__35", "obj80__40", "obj80__45", "obj80__50"], "result1": [], "result2": [0.0, 2856.421690513487, 4062.8647534265356, 6851.628620262778, 8424.874647129494, 11009.641515336556, 12025.165408355235, 13867.741257403783, 16111.893003048397, 16669.90872781263, 16716.61410455067], "result3": [0.0, 13562.297364726663, 21211.377153972164, 27578.013245915994, 31302.609284939244, 35326.105427891016, 38209.92426105961, 40769.360012900084, 43627.063522435725, 45791.27200178802, 46620.70361601561]}