{"dataset": ["obj85__0", "obj85__5", "obj85__10", "obj85__15", "obj85__20", "obj85__25", "obj85__30", "obj85__35", "obj85__40", "obj85__45", "obj85__50"], "result0": ["obj85__0", "obj85__5", "obj85__10", "obj85__15", "obj85__20", "obj85__25", "obj85__30", "obj85__35", "obj85__40", "obj85__45", "obj85__50"], "result1": [], "result2": [0.0, 4651.613542183418, 5799.976056153501, 6610.672399196005, 7448.122872410948, 7983.680674200958, 8328.715486371771, 8716.171177702192, 8591.960216759424, 9278.449284948887, 9313.749489846597], "result3": [0.0, 33350.180926941335, 46234.57433163002, 55672.48183826916, 59008.12146549299, 62570.698259400204, 63346.675610244274, 63885.27360173687, 64774.27567305602, 64649.67376364395, 65590.55174032226]}