{"dataset": ["obj83__0", "obj83__5", "obj83__10", "obj83__15", "obj83__20", "obj83__25", "obj83__30", "obj83__35", "obj83__40", "obj83__45", "obj83__50"], "result0": ["obj83__0", "obj83__5", "obj83__10", "obj83__15", "obj83__20", "obj83__25", "obj83__30", "obj83__35", "obj83__40", "obj83__45", "obj83__50"], "result1": [], "result2": [0.0, 4991.423209997698, 5257.2041585306615, 5602.46890065504, 5962.494839997524, 5999.097929454809, 6341.87881006258, 6344.54974751981, 6171.51863376837, 6077.996029472092, 6741.647673079206], "result3": [0.0, 7942.954486202449, 12345.077845845371, 15438.336837112904, 16405.671095551923, 17822.834393449128, 18990.34335836582, 18583.106967793778, 20086.032220827416, 18631.483114572242, 20377.83476193808]}