{"dataset": ["obj86__0", "obj86__5", "obj86__10", "obj86__15", "obj86__20", "obj86__25", "obj86__30", "obj86__35", "obj86__40", "obj86__45", "obj86__50"], "result0": ["obj86__0", "obj86__5", "obj86__10", "obj86__15", "obj86__20", "obj86__25", "obj86__30", "obj86__35", "obj86__40", "obj86__45", "obj86__50"], "result1": [], "result2": [0.0, 4058.2744469093186, 4890.586048882544, 5009.634227656428, 4941.508017901698, 4305.06454444766, 4485.0234421944415, 4774.078632938248, 4599.940323223788, 4776.458879121541, 4845.604278011621], "result3": [0.0, 16301.802771784365, 23134.27321617119, 24346.136545252055, 23987.049846602604, 21450.93733651191, 20682.960175201297, 21916.418075621128, 24996.26687122695, 25639.123397428542, 24863.290690222755]}