{"dataset": ["obj82__0", "obj82__5", "obj82__10", "obj82__15", "obj82__20", "obj82__25", "obj82__30", "obj82__35", "obj82__40", "obj82__45", "obj82__50"], "result0": ["obj82__0", "obj82__5", "obj82__10", "obj82__15", "obj82__20", "obj82__25", "obj82__30", "obj82__35", "obj82__40", "obj82__45", "obj82__50"], "result1": [], "result2": [0.0, 3770.731600307095, 4826.827079118905, 4763.946117218699, 4563.158545997344, 5059.408868056948, 5598.742367173116, 6921.327229785113, 7151.259275773777, 9316.218693940124, 9482.332119218561], "result3": [0.0, 17903.21181384474, 25257.024676201865, 27127.233850955963, 28780.88478248939, 29285.08345767483, 30778.94527555257, 31957.864365454763, 31872.798844551668, 31024.68700972572, 32813.497895559296]}