{"dataset": ["obj81__0", "obj81__5", "obj81__10", "obj81__15", "obj81__20", "obj81__25", "obj81__30", "obj81__35", "obj81__40", "obj81__45", "obj81__50"], "result0": ["obj81__0", "obj81__5", "obj81__10", "obj81__15", "obj81__20", "obj81__25", "obj81__30", "obj81__35", "obj81__40", "obj81__45", "obj81__50"], "result1": [], "result2": [0.0, 5023.914818782072, 5289.393669018882, 6089.694060514168, 7334.790942123818, 8633.588540269297, 10244.440913415743, 10283.350120936375, 10751.14968311918, 11489.122130812797, 12462.532285013442], "result3": [0.0, 42778.30023802444, 47607.132845262066, 52945.92925599776, 60712.02132026106, 65101.49670915119, 76401.38555421308, 80559.10278533027, 82125.62529677711, 82987.21821323596, 83026.18651743233]}