{"dataset": ["obj87__0", "obj87__5", "obj87__10", "obj87__15", "obj87__20", "obj87__25", "obj87__30", "obj87__35", "obj87__40", "obj87__45", "obj87__50"], "result0": ["obj87__0", "obj87__5", "obj87__10", "obj87__15", "obj87__20", "obj87__25", "obj87__30", "obj87__35", "obj87__40", "obj87__45", "obj87__50"], "result1": [], "result2": [0.0, 4918.818873973829, 5868.362498001672, 5907.712492343025, 6120.474308256195, 5907.036013771284, 4864.014944543791, 5726.860914035433, 6816.168566882971, 5559.168963887775, 6288.723265587606], "result3": [0.0, 32524.84375518188, 39896.979811724275, 40787.6437685322, 42444.88377694413, 43441.45222903602, 39835.93923462555, 45277.303195837885, 51469.450900418684, 45126.253961868584, 52079.66089249961]}