{"dataset": ["obj8__0", "obj8__5", "obj8__10", "obj8__15", "obj8__20", "obj8__25", "obj8__30", "obj8__35", "obj8__40", "obj8__45", "obj8__50"], "result0": ["obj8__0", "obj8__5", "obj8__10", "obj8__15", "obj8__20", "obj8__25", "obj8__30", "obj8__35", "obj8__40", "obj8__45", "obj8__50"], "result1": [], "result2": [0.0, 2140.556732678239, 3102.157196785459, 3607.924347623284, 3449.603797585837, 3834.6085899821746, 4539.030742059843, 5539.956162183413, 5634.612713199119, 5907.087848628068, 6484.322424328768], "result3": [0.0, 22753.058865148574, 34253.7228841763, 39748.53293428384, 41759.9579095114, 43998.78000814654, 45680.541843906045, 48231.73177379742, 49523.18168557063, 52306.110452270135, 52639.619459956884]}