{"dataset": ["obj88__0", "obj88__5", "obj88__10", "obj88__15", "obj88__20", "obj88__25", "obj88__30", "obj88__35", "obj88__40", "obj88__45", "obj88__50"], "result0": ["obj88__0", "obj88__5", "obj88__10", "obj88__15", "obj88__20", "obj88__25", "obj88__30", "obj88__35", "obj88__40", "obj88__45", "obj88__50"], "result1": [], "result2": [0.0, 1591.173970875638, 1957.5238806903626, 2149.4670380801376, 2274.8818667390397, 2385.0768969728783, 2707.6965549446613, 2994.9565456880373, 2952.4141519230207, 3121.402046184424, 3588.0580830911917], "result3": [0.0, 9997.92197202146, 14430.585395814851, 16066.772458530962, 16994.948480829597, 18209.31030556746, 19920.57864169404, 21864.19892212376, 24676.916863122955, 25604.668506290764, 25134.45312040113]}