{"dataset": ["obj93__0", "obj93__5", "obj93__10", "obj93__15", "obj93__20", "obj93__25", "obj93__30", "obj93__35", "obj93__40", "obj93__45", "obj93__50"], "result0": ["obj93__0", "obj93__5", "obj93__10", "obj93__15", "obj93__20", "obj93__25", "obj93__30", "obj93__35", "obj93__40", "obj93__45", "obj93__50"], "result1": [], "result2": [0.0, 3499.016982492666, 4388.683614963675, 4269.3843059762075, 4854.018923810772, 5068.57909771198, 5162.522248700407, 5136.685535425832, 5542.806374214033, 5439.731811962882, 6214.286806607293], "result3": [0.0, 16340.83919897303, 25355.48999741301, 27936.494041979313, 28904.904003886506, 29975.05825415626, 31152.306860817596, 31093.373787311837, 31737.864977551624, 32038.831643056124, 32232.49523090571]}