{"dataset": ["obj99__0", "obj99__5", "obj99__10", "obj99__15", "obj99__20", "obj99__25", "obj99__30", "obj99__35", "obj99__40", "obj99__45", "obj99__50"], "result0": ["obj99__0", "obj99__5", "obj99__10", "obj99__15", "obj99__20", "obj99__25", "obj99__30", "obj99__35", "obj99__40", "obj99__45", "obj99__50"], "result1": [], "result2": [0.0, 3671.9055891612943, 4602.924763150497, 4883.314625376318, 5015.821731024103, 5246.371052709742, 5330.387850512268, 5641.254421088021, 5518.505571613931, 5656.150565809379, 5424.170134732538], "result3": [0.0, 34524.46685735881, 42216.8140937686, 43789.5616959054, 47151.514735110104, 47046.88813502528, 48605.688978234306, 49234.636458441615, 50316.556352142245, 50117.17647559196, 49162.11395762861]}