{"dataset": ["obj95__0", "obj95__5", "obj95__10", "obj95__15", "obj95__20", "obj95__25", "obj95__30", "obj95__35", "obj95__40", "obj95__45", "obj95__50"], "result0": ["obj95__0", "obj95__5", "obj95__10", "obj95__15", "obj95__20", "obj95__25", "obj95__30", "obj95__35", "obj95__40", "obj95__45", "obj95__50"], "result1": [], "result2": [0.0, 2632.129700181027, 2390.1673527444814, 3831.057147846899, 3864.9787587693913, 2670.455345379296, 3107.4609387618916, 2747.381445150455, 4198.03264304108, 2852.296906781938, 3023.962656480787], "result3": [0.0, 6801.017129605636, 7161.75626372546, 11440.438737252727, 11857.55870902352, 8521.82077183202, 8644.573231227696, 7966.7499025743455, 12284.188915435225, 8566.49300586991, 9519.406380552799]}