{"dataset": ["obj94__0", "obj94__5", "obj94__10", "obj94__15", "obj94__20", "obj94__25", "obj94__30", "obj94__35", "obj94__40", "obj94__45", "obj94__50"], "result0": ["obj94__0", "obj94__5", "obj94__10", "obj94__15", "obj94__20", "obj94__25", "obj94__30", "obj94__35", "obj94__40", "obj94__45", "obj94__50"], "result1": [], "result2": [0.0, 1781.3396366230577, 1664.1119508645086, 2031.150771869365, 2043.8460411285023, 2876.6903931521324, 2242.514546194817, 2171.638324453997, 2317.5074370300617, 1907.3496576212428, 1960.6211446359703], "result3": [0.0, 3980.7721830159426, 4322.25460040383, 4916.771000690758, 5036.536543192342, 6703.172567272559, 5281.189598996192, 5271.998481662944, 5291.249845730141, 5052.683443181217, 5832.262195669115]}