{"dataset": ["obj97__0", "obj97__5", "obj97__10", "obj97__15", "obj97__20", "obj97__25", "obj97__30", "obj97__35", "obj97__40", "obj97__45", "obj97__50"], "result0": ["obj97__0", "obj97__5", "obj97__10", "obj97__15", "obj97__20", "obj97__25", "obj97__30", "obj97__35", "obj97__40", "obj97__45", "obj97__50"], "result1": [], "result2": [0.0, 4134.16115522328, 4578.211046311606, 6235.546205540922, 7820.56732008274, 8454.655487457585, 9175.715666930078, 11887.053510584228, 11654.001217060104, 13707.382787523373, 15153.186257255104], "result3": [0.0, 17948.00137615949, 24891.98094182834, 31398.781186999753, 37270.890280077234, 43092.9447952155, 46970.80028610118, 50647.35275312513, 53906.22756879218, 55281.095969721675, 55789.57578404993]}