{"dataset": ["obj9__0", "obj9__5", "obj9__10", "obj9__15", "obj9__20", "obj9__25", "obj9__30", "obj9__35", "obj9__40", "obj9__45", "obj9__50"], "result0": ["obj9__0", "obj9__5", "obj9__10", "obj9__15", "obj9__20", "obj9__25", "obj9__30", "obj9__35", "obj9__40", "obj9__45", "obj9__50"], "result1": [], "result2": [0.0, 5000.46478103301, 7007.127479543758, 7363.945842424024, 8097.977551347896, 8695.964414810105, 7815.640435083577, 9113.605037470885, 8375.141687997375, 7766.633292244772, 8431.023650717116], "result3": [0.0, 30337.988758305088, 41449.74188465625, 53072.040745802224, 57989.364156922325, 60636.5720155593, 63852.50901742093, 66605.32584897429, 66487.08832582459, 67393.0791443754, 70209.28217131272]}