{"dataset": ["obj91__0", "obj91__5", "obj91__10", "obj91__15", "obj91__20", "obj91__25", "obj91__30", "obj91__35", "obj91__40", "obj91__45", "obj91__50"], "result0": ["obj91__0", "obj91__5", "obj91__10", "obj91__15", "obj91__20", "obj91__25", "obj91__30", "obj91__35", "obj91__40", "obj91__45", "obj91__50"], "result1": [], "result2": [0.0, 2640.901820461079, 2871.2179982806, 3132.721192481995, 3675.9070071628744, 4171.587188734843, 5314.2326159510285, 5898.624346224525, 5965.797867365898, 7618.026285272672, 8416.438732280956], "result3": [0.0, 18660.151829820126, 24510.931548714638, 28186.529288837686, 31617.95267380029, 33606.02201380581, 34343.23747857474, 35527.57929915376, 36847.585857396945, 38693.486259767786, 39619.180214803666]}