{"dataset": ["obj98__0", "obj98__5", "obj98__10", "obj98__15", "obj98__20", "obj98__25", "obj98__30", "obj98__35", "obj98__40", "obj98__45", "obj98__50"], "result0": ["obj98__0", "obj98__5", "obj98__10", "obj98__15", "obj98__20", "obj98__25", "obj98__30", "obj98__35", "obj98__40", "obj98__45", "obj98__50"], "result1": [], "result2": [0.0, 1832.9219374171373, 3005.1573380254968, 3269.639714824645, 5375.427304170456, 6300.745026782099, 7148.512230893376, 8933.725616689211, 9762.660968735749, 11584.49594474536, 13716.38888601617], "result3": [0.0, 19997.424118628725, 27104.10360338725, 30866.469572674483, 35290.05401990004, 37299.007607948035, 38621.125060427934, 41321.52228745818, 42418.963009070605, 45237.56820883416, 48409.725595476106]}