{"dataset": ["obj90__0", "obj90__5", "obj90__10", "obj90__15", "obj90__20", "obj90__25", "obj90__30", "obj90__35", "obj90__40", "obj90__45", "obj90__50"], "result0": ["obj90__0", "obj90__5", "obj90__10", "obj90__15", "obj90__20", "obj90__25", "obj90__30", "obj90__35", "obj90__40", "obj90__45", "obj90__50"], "result1": [], "result2": [0.0, 3323.9345084917636, 4162.647061637496, 4742.875825627104, 4998.0853995961925, 5391.068858975812, 6358.1152641190365, 7361.529922491426, 7779.946528357188, 8421.434432789267, 9732.525225177931], "result3": [0.0, 19298.698894616216, 26857.873998856172, 36280.34829061106, 39684.82347013801, 44309.359987275675, 48277.762681471184, 50199.87087409757, 52164.4959983062, 51433.11372872442, 51709.53156587668]}