{"dataset": ["obj96__0", "obj96__5", "obj96__10", "obj96__15", "obj96__20", "obj96__25", "obj96__30", "obj96__35", "obj96__40", "obj96__45", "obj96__50"], "result0": ["obj96__0", "obj96__5", "obj96__10", "obj96__15", "obj96__20", "obj96__25", "obj96__30", "obj96__35", "obj96__40", "obj96__45", "obj96__50"], "result1": [], "result2": [0.0, 3411.3925092590734, 5171.0839767428015, 5620.784457414527, 5501.2493719053355, 6026.547874830854, 6811.663964048416, 7718.400361182802, 8311.23307621739, 8541.430723401832, 8336.62379714925], "result3": [0.0, 46361.987430667505, 66068.85476975143, 70983.15428494476, 77085.73520183004, 81077.01438939013, 81425.2082456667, 84830.88362750784, 85326.76351747848, 87196.30259382538, 86285.26140650734]}