{"dataset": ["obj92__0", "obj92__5", "obj92__10", "obj92__15", "obj92__20", "obj92__25", "obj92__30", "obj92__35", "obj92__40", "obj92__45", "obj92__50"], "result0": ["obj92__0", "obj92__5", "obj92__10", "obj92__15", "obj92__20", "obj92__25", "obj92__30", "obj92__35", "obj92__40", "obj92__45", "obj92__50"], "result1": [], "result2": [0.0, 2939.183655519785, 3545.648085899354, 4069.869030666744, 4028.8396091665804, 4040.8521841291576, 4467.450730961083, 4260.310363662314, 4221.577177615524, 4498.089862360996, 4151.695098905008], "result3": [0.0, 13797.935178725049, 20728.918321931735, 26006.912287831306, 29055.510434325784, 30685.703700130805, 32952.953907636926, 31343.67287943326, 31221.263993369415, 34051.23097291961, 34289.81386025809]}